Algorithm;ndcg_5;hit_5;P_5;R_5;RR_5;ndcg_10;hit_10;P_10;R_10;RR_10;ndcg_50;hit_50;P_50;R_50;RR_50;ndcg_100;hit_100;P_100;R_100;RR_100
KGCL-DP-CC-R-4C;0.0494413085298938;0.096733116;0.0208972962266019;0.0609216000151105;0.0556117564387347;0.0582428810772523;0.13699968;0.015131793036121;0.0860229607938239;0.0609375171943261;0.0765246782952582;0.26818433;0.0063096535038696;0.1648862468902543;0.0668563583214401;0.0847242650890104;0.34571797;0.00424114659234;0.2119775188673314;0.0679595237267403
SpectralClustering-DP-R;0.0494348630429989;0.09671897;0.0208944665317845;0.0608845320224957;0.0556791974985497;0.0582086819034875;0.1368299;0.0151148148672165;0.085902863645777;0.060986239598345;0.0764123480978304;0.26746276;0.0062946561213373;0.1644066935225308;0.0668846070965383;0.084583710578626;0.34477;0.0042311011757381;0.2113244268322811;0.0679847043959059
KGCL-DP-CC-R-3C;0.0494302454765055;0.096733116;0.0209029556162367;0.0609119198386952;0.0556313284945551;0.058211827529614;0.13690063;0.0151275484938949;0.085954845406121;0.0609453830721817;0.0764325635693015;0.26773158;0.0063042770837165;0.1645454006864962;0.0668518950032579;0.0846275659897073;0.34516618;0.0042391658059678;0.2116080361834049;0.0679535526776539
LightGCN-DP-CC-R-5C;0.0494278369013557;0.09671897;0.0208944665317845;0.0608958649119576;0.0556110490150303;0.0582269209122405;0.13697138;0.0151303781887123;0.0859779440384616;0.0609361472627081;0.0765004265362562;0.2681419;0.0063147469545409;0.1647585646684834;0.0668605157108897;0.0847051386567413;0.3457038;0.0042470889514565;0.2118697526164037;0.0679637392828813
AdaGCL-DP-CC-R-2C;0.0494231243791247;0.09670482;0.0208916368369671;0.0609029479678712;0.0556093983597202;0.0582592307312737;0.13714115;0.0151459415102081;0.0860929425105453;0.0609603624883976;0.0765699497044425;0.26886344;0.0063291783981097;0.1650234914317913;0.0669065736906843;0.0847988046190571;0.34676495;0.004259681093394;0.2122515585366528;0.0680149868647598
LightGCN-DP-CC-R-4C;0.0494229610268774;0.09676141;0.0209029556162367;0.0608991703380506;0.0556405250027117;0.0582196628723785;0.13697138;0.0151289633413036;0.0859852631962391;0.0609603175726069;0.0764799320070027;0.268057;0.0063107853817965;0.164748044026827;0.066874756988725;0.0846699042653534;0.34554818;0.0042431273787122;0.2117715970992169;0.0679770944436113
KGCL-DP-CC-R-5C;0.0494189254205434;0.09666237;0.0208831477525148;0.0608887818560439;0.0556006734673665;0.0581955289630615;0.1368016;0.0151119851723991;0.0859167936557405;0.0609102476948654;0.076420352702939;0.26751935;0.0062989006635634;0.1645113032301893;0.066812454278125;0.084598039272652;0.34479833;0.004234496809519;0.2114753204872249;0.0679119983822263
KGCL-DP-CC-R-2C;0.0494172390967986;0.09666237;0.0208831477525148;0.0608788655777648;0.0555952498856331;0.0581890242723896;0.13675915;0.015107740630173;0.0858895632407836;0.0608993443866602;0.0764102188910899;0.26754764;0.0062972028466729;0.1644688904481278;0.0668028894870413;0.0846052233578302;0.34501055;0.0042339308705556;0.2115347261272427;0.0679048995858467
CGCL-DP-CC-R-5C;0.0494144162055256;0.09669067;0.0208916368369671;0.0608847681243595;0.055612935478242;0.0581809707651575;0.13678744;0.0151119851723991;0.0858882253302221;0.0609174622937551;0.0764250965476934;0.26784477;0.0063031452057895;0.1645794987766418;0.0668340529592194;0.0846205269077091;0.3454067;0.0042383168975226;0.2116364382796052;0.0679378253792378
AdaGCL-DP-CC-R-5C;0.049409088596018;0.09667652;0.0208859774473323;0.0608661160771203;0.0555964289251404;0.0581899514906565;0.1368299;0.0151176445620339;0.0859008736443536;0.0609072439513588;0.0764206616163613;0.26777402;0.0063028622363078;0.1645147805880505;0.0668212241521144;0.0846062710893861;0.34519446;0.0042391658059678;0.2115013568314038;0.0679234669366527
CGCL-DP-CC-R-4C;0.049405969844578;0.09666237;0.0208831477525148;0.0608677687901668;0.0556093983597202;0.0582085271771471;0.13692893;0.0151275484938949;0.0859647223340895;0.0609375340377476;0.0764505447789634;0.26795796;0.0063065408395704;0.1646401836958294;0.0668514143896307;0.0846600960402438;0.34567553;0.0042418540160443;0.2117787462020047;0.0679570730814271
CGCL-DP-CC-R-3C;0.0494058396736243;0.09667652;0.0208859774473323;0.0608724908274425;0.0556070402807057;0.058192810828429;0.13690063;0.0151247187990775;0.0859238317398706;0.0609285621085448;0.0764688446497499;0.26809943;0.0063110683512783;0.1647333187257421;0.0668539161749598;0.0846671172602419;0.345817;0.004245532619307;0.2117914963840231;0.0679602792396509
BPRMF-DP-CC-R-2C;0.0494013950211884;0.09669067;0.0208888071421497;0.0608611579379807;0.0556310926866537;0.0581680661942081;0.1368016;0.0151162297146252;0.08585942090284;0.060937702471963;0.0764042589264064;0.26768914;0.0063045600531982;0.1645190616824645;0.0668456148254113;0.0845972799931158;0.34518033;0.0042415710465626;0.2115586584980977;0.0679483050224615
AdaGCL-DP-CC-R-4C;0.0493951325854234;0.09666237;0.0208831477525148;0.0608651716696651;0.0555846385300678;0.0582046020029712;0.13697138;0.0151303781887123;0.0859752288670281;0.0609174454503335;0.0764683875835793;0.26804283;0.0063107853817965;0.1647352016448771;0.0668340000082381;0.0846756405637064;0.34561893;0.0042446837108617;0.2118579190504851;0.0679375794231414
AdaGCL-DP-CC-R-3C;0.0493770617547989;0.09659163;0.0208689992784278;0.0608493528447913;0.0555582280451053;0.0581626993366962;0.1367733;0.0151091554775817;0.0858981416085012;0.0608732651556545;0.0764082885045717;0.26778817;0.00630484302268;0.1645724339377551;0.0667889572469348;0.0845989635867903;0.34519446;0.0042398732296721;0.2116063743762044;0.0678900808115657
LightGCN-DP-CC-R-2C;0.0493753796606023;0.09656334;0.0208661695836104;0.0608238538435022;0.0555667171295575;0.0581446243921239;0.13664596;0.015097836698312;0.085831560882913;0.060869177818696;0.076356993475117;0.2673354;0.0062929583044468;0.1643838012493517;0.0667693319817237;0.0845192594858684;0.34451535;0.0042289789046251;0.2112542724498561;0.0678676156640105
BPRMF-DP-CC-R-5C;0.0493725004841704;0.09657748;0.0208661695836104;0.0608276314733228;0.0555525686554705;0.0581438351726612;0.13666011;0.015097836698312;0.0858381717350991;0.060855029344609;0.0763451716100903;0.26726466;0.0062906945485929;0.1643288131763798;0.0667523385368241;0.0845183695041381;0.34451535;0.0042285544504025;0.2112636693551391;0.0678515861618389
CGCL-DP-CC-R-2C;0.0493717463543235;0.09657748;0.0208661695836104;0.0608238538435022;0.0555535118870763;0.0581766237936871;0.13684404;0.0151162297146252;0.0859257655265644;0.0608815240466791;0.0764368546553507;0.26792964;0.0063062578700887;0.1646875721199973;0.0667976585091675;0.0846305065583579;0.345435;0.0042390243212269;0.2117403993863505;0.0679007990845683
BPRMF-DP-CC-R-4C;0.0493700884592972;0.09656334;0.0208633398887929;0.0608252704546849;0.0555471450737371;0.0581454852424098;0.13668841;0.0151006663931295;0.0858457269947403;0.060854164715637;0.0763688404076468;0.2675052;0.0062963539382277;0.1644301116970084;0.0667613394758839;0.0845440440788907;0.34479833;0.0042320915689242;0.2113695906514591;0.0678612654076936
BPRMF-DP-CC-R-3C;0.0493669277540624;0.09657748;0.0208661695836104;0.060819604009954;0.0555506821922588;0.0581463503555111;0.13671671;0.0151063257827643;0.0858523378469263;0.0608615365197942;0.0763681697355291;0.2675052;0.0063003155109721;0.1644203981625334;0.0667678343005565;0.0845385835482789;0.34477;0.0042349212637417;0.2113339656673355;0.0678672883344769
SpectralClustering-DP-CC-R-4C;0.0493603361586454;0.09654919;0.0208605101939755;0.0608139375652231;0.0555483241132443;0.0581317096129941;0.13664596;0.0150964218509033;0.0858244778269994;0.0608532046406096;0.0763560882336922;0.26746276;0.0062952220603007;0.1644048457954773;0.0667635974656875;0.0845247837260234;0.34471342;0.0042308182062564;0.2113094821110707;0.067862905134677
SpectralClustering-DP-CC-R-2C;0.0493580717029929;0.09654919;0.0208605101939755;0.0608139375652231;0.0555370053339747;0.0581324049155691;0.13667426;0.0150992515457207;0.0858273110493648;0.0608471915391226;0.0763635993120525;0.26757595;0.0062977687856364;0.1644433812519839;0.0667579388715081;0.084530044840185;0.34478417;0.0042319500841834;0.2113385186564639;0.0678564134356011
SpectralClustering-DP-CC-R-3C;0.0493580717029929;0.09654919;0.0208605101939755;0.0608139375652231;0.0555370053339747;0.0581292760512516;0.13663182;0.0150950070034946;0.0858230612158166;0.0608401173020791;0.0763536523506382;0.26742032;0.0062946561213373;0.1644023234916702;0.0667490402905657;0.0845226608917195;0.34469926;0.0042308182062564;0.2113075747452997;0.0678487263113113
LightGCN-DP-CC-R-3C;0.0493573407520505;0.09653504;0.0208576804991581;0.0608111043428576;0.0555348830628616;0.0581314155406053;0.13663182;0.0150950070034946;0.0858287276605475;0.0608398590362823;0.0763558288895869;0.26734957;0.0062943731518555;0.1644202790384113;0.0667422871790292;0.0845246177857618;0.3445578;0.0042315256299608;0.2113259749505509;0.0678409278483101
SpectralClustering-DP-CC-R-5C;0.0493563587084199;0.09653504;0.0208576804991581;0.0608111043428576;0.0555341756391573;0.058128926524252;0.13663182;0.0150950070034946;0.0858230612158166;0.0608387024546704;0.0763643313022602;0.2675335;0.0062972028466729;0.1644417856185089;0.0667540505600239;0.0845338210352048;0.34481245;0.0042320915689242;0.2113506757026815;0.0678533886167759
AdaGCL-DP-R;0.0321292728170863;0.078142025;0.0163386578757481;0.0420988511283308;0.0383999019039129;0.0426777057798519;0.13415582;0.0145276531926031;0.0719654558238797;0.0457086442909671;0.074826525459869;0.35805544;0.0092061291189745;0.2098927382712735;0.0557553768637543;0.0910333817595847;0.47790715;0.0068863453076585;0.3013827250751728;0.0574715565705867
KGCL-DP-R;0.0315978595063191;0.07900508;0.0165905007144979;0.0437730494444523;0.0354900324000056;0.0447964791834175;0.14374849;0.0158392167404745;0.0813692693861554;0.0439752821666119;0.0784664805830139;0.37107202;0.0097149082471455;0.2244947742653908;0.0544004396227527;0.0931670675672999;0.4794069;0.0069715191216627;0.3069591898591028;0.0559530140710797
KGCL-DP;0.0311521591993604;0.07842499;0.0164575050580794;0.0433674264424643;0.0349358838315954;0.0443956854032737;0.14329575;0.0157684743700391;0.0810344938077227;0.0434504916819324;0.0778618353869362;0.36924687;0.0096733117333295;0.2233285621726775;0.0537930662814161;0.0925755296849625;0.47864288;0.0069604833118748;0.30583885710838;0.0553582205808148
AdaGCL-DP;0.0309585497796338;0.076812066;0.0160811556473634;0.0412410930571885;0.036682984573447;0.0417682134682647;0.13317959;0.0144639850592113;0.071820039561678;0.0440810139380436;0.0736200523121772;0.3542778;0.0091568924291515;0.2084748440115561;0.0539948673032598;0.0898704560060361;0.47511992;0.006881393341728;0.3001603032414263;0.0557208960653188
LightGCN-DP-R;0.0253747826882734;0.063852064;0.0132514608299494;0.0339165049368899;0.0302668873828624;0.0358402946161477;0.11750308;0.0127152336620495;0.0637335732128269;0.037267569204566;0.0659820686818836;0.32733908;0.008348731589298;0.1928358794155551;0.0467467267634954;0.0799850456578507;0.43292916;0.0061895329588703;0.2714316646242779;0.0482551196624177
LightGCN-DP;0.0250579361261464;0.062989004;0.0130929979201743;0.0335165483796329;0.0297179265882841;0.0354143383460121;0.116300456;0.0125709192263614;0.0630391414166966;0.0366800987338912;0.0654666997161586;0.32540077;0.0083187368242335;0.1915522483273131;0.0461591395165755;0.0794079955598314;0.43059465;0.0061567084989883;0.269819578450632;0.0476694752831414
AlternateLeastSquares;0.022110300431226;0.056820273;0.0119137000467481;0.0315554200234502;0.023184730820265;0.0306526108032817;0.10219433;0.0112011446218356;0.0553505801314436;0.0291082174016967;0.0529906947639031;0.2662379;0.0067940672323667;0.1488848098279781;0.0366042625768943;0.0631036870083015;0.35017213;0.0049095493759827;0.2049483615654266;0.0378042866799688
CGCL-DP-R;0.016054459757025;0.045925945;0.0094143946575361;0.0263045808483612;0.0155324306606865;0.0290729589058757;0.10779722;0.0116852247485108;0.0633079996033488;0.0237191195516865;0.0555251065858987;0.29857525;0.0075448152916707;0.1738251395361743;0.0326289075106914;0.0660448204625466;0.3872862;0.0053744393667143;0.2315703257520128;0.0339003478091794
CGCL-DP;0.0158871831592878;0.045501493;0.0093125256441092;0.0259143044675194;0.0154069808571145;0.0288695896807225;0.1070898;0.0115960893617623;0.06284364907348;0.0235510390482164;0.0552531982695753;0.29769805;0.0075176502214236;0.1730554654701232;0.0324553961796692;0.0656373688804235;0.38507903;0.0053438786626862;0.2300140229362318;0.0337084793139629
BPRMF-DP-R;0.012390708600172;0.034394942;0.0070572588746303;0.0176861545145037;0.0148441073963506;0.0201187984171132;0.07313346;0.0078665515924107;0.0398638096991994;0.01987604589226;0.0409797441547053;0.22432406;0.0055708201870428;0.1293438993927374;0.026692755346695;0.0516621125265355;0.31270957;0.0042920810990534;0.1897593529755228;0.0279509921486944
BPRMF-DP;0.0121521546055872;0.03365922;0.0069016256596726;0.0173216132368148;0.0145649108410324;0.0199048734623601;0.07256752;0.0078000537642015;0.0395472252072243;0.01964336525274;0.0406931461034811;0.22374398;0.0055569546824374;0.1288246565296983;0.0264246956209873;0.051275310298973;0.3110825;0.0042693020557732;0.1886779041076091;0.0276669905545455
KGCL-E-DC-5C;0.0112124690202877;0.032230224;0.0066837391587317;0.0164038852922704;0.0118908492385762;0.0140575246135286;0.048600007;0.0052604026655725;0.0246757815477623;0.0139684515977332;0.0213539517600334;0.11078255;0.0026584982809603;0.0567744076661401;0.0165512183229743;0.0274904719354848;0.17034763;0.0021674047453982;0.0915980109134925;0.0174272259341966
LightGCN-E-CC-5C;0.0083242745643648;0.02161887;0.0044454505581573;0.0109969165096589;0.0092905955092743;0.0110762852064566;0.03783302;0.0039502539651098;0.0187348908860858;0.0114318603873492;0.0192603215616679;0.10621259;0.0024182571909619;0.0544046228314169;0.0143424458285044;0.0252171938274694;0.16801313;0.0020226658554874;0.0886380228078497;0.0152046227547284
LightGCN-E-CC-3C;0.0083057172048437;0.021406641;0.0043775378825393;0.0110408314563235;0.0092764470351872;0.011374117881918;0.03885171;0.0040408041992671;0.0196556319401299;0.0115889814378757;0.0195950766488714;0.108278275;0.0024491008644717;0.0554289014236149;0.0145556994855911;0.0256468041885526;0.17022029;0.0020475671698807;0.0902555008621704;0.0154188187015722
LightGCN-E-CC-4C;0.0081142303398913;0.021010485;0.0042898173431995;0.0107815916098841;0.0091269448256672;0.0110867912321545;0.038087692;0.003968646981423;0.019143257166872;0.0113889040479682;0.0193565866399226;0.10672194;0.002424765489042;0.0552216231890957;0.0143245547307488;0.0251909550944123;0.16647094;0.0020054047171012;0.0887514808403812;0.0151603120203201
LightGCN-E-CC-2C;0.0078708319610258;0.021194413;0.0043124549017388;0.0106363889636544;0.008995128208756;0.0108139491649163;0.038073543;0.0039644024391969;0.0189339528646239;0.0112098977783976;0.0191814787780394;0.10844805;0.0024714554535293;0.0554020308436618;0.0142062713508467;0.0249928278416727;0.16661243;0.0020300230620127;0.0887333520275149;0.0150258856887492
KGCL-E-R-DC-3C;0.0065763722402126;0.017742187;0.0036106905870201;0.008714755894283;0.0078823507218079;0.0118805310350771;0.047312498;0.0050396864698142;0.0240207056837363;0.0115858317180492;0.0193053832450533;0.10976386;0.0025753052533284;0.0567029495974002;0.0141916045539421;0.0251770365803126;0.16746134;0.0020929837717002;0.0902714467401754;0.0150158019761396
KGCL-E-DC-3C;0.006575210706719;0.017728038;0.0036078608922027;0.0087119226719175;0.0078809358743992;0.0100597705879361;0.037889615;0.0039827954555101;0.0183807774407142;0.0105592420190815;0.0193034042714855;0.1107967;0.0025903026358607;0.0572073373894527;0.0140754744421095;0.0251102982934127;0.16764528;0.002089871107401;0.0903909949793343;0.0148900600252865
KGCL-E-CC-3C;0.0061133826994434;0.017926117;0.0037040705159948;0.0091194344888158;0.0071662021251008;0.0092802673460363;0.03597957;0.0037733980390214;0.0179703255934645;0.0095528026667403;0.0174202092016722;0.10605696;0.0024171253130349;0.0540378824177065;0.0124138452369362;0.0240720873276207;0.17176248;0.0021060003678603;0.092361601035779;0.0133365291589004
KGCL-E-CC-5C;0.0060747951052832;0.017544108;0.0036248390611072;0.0089926477879616;0.0070673986143927;0.009321338648715;0.036220092;0.0037889613605172;0.01799791578269;0.0095521738456697;0.0174965846933191;0.106396526;0.0024264633059324;0.0543037840385376;0.0124063118359239;0.0240676008548013;0.17227182;0.0021040195814881;0.0921911074952277;0.013326575501697
KGCL-E-CC-2C;0.0060221966419384;0.017473366;0.0036050311973853;0.0089846203245928;0.0070846125911987;0.0092719596926139;0.036007866;0.003770568344204;0.0180121774595574;0.009546621131038;0.0173325652017449;0.10503827;0.0023905261817512;0.0537420750507384;0.0123644375017402;0.0240314786112037;0.17214449;0.0020994920697802;0.0923820548448401;0.0133033920715869
KGCL-E-CC-4C;0.0059667502628812;0.01734603;0.0036078608922027;0.0089617184438053;0.0069726038380094;0.0091265764743053;0.03568245;0.0037295377693515;0.0177138009184587;0.0094203123129678;0.0173977956314339;0.106651194;0.0024250484585237;0.0543088628041091;0.0123304729633836;0.0239662315401296;0.17198884;0.002103029188302;0.0921105794010695;0.0132449194552237
LightGCN-E-R-DC-4C;0.0059080362912917;0.015082274;0.003186236364408;0.0071760800479758;0.0073958790211142;0.0072533275896364;0.02466079;0.0026485943490994;0.0110165242072992;0.0086516627713447;0.0124119908131919;0.07147809;0.0016734815150186;0.0329762204972755;0.0106598238211133;0.0166090835756748;0.11832369;0.0014536142277055;0.0564938466470323;0.0113266284487759
CGCL-E-CC-2C;0.0056793158275778;0.015025679;0.003056070402807;0.0074055710595779;0.0070534859482071;0.0077176660807277;0.028268652;0.0029301489834321;0.0131857213237984;0.0087777582394088;0.0161546079919801;0.10126063;0.0022770554195729;0.0500585082076802;0.0118954763278376;0.0212960944038914;0.1548975;0.0018374623296877;0.0795666053034599;0.0126517258187863
KGCL-E-DC-2C;0.0055899432616271;0.017402623;0.0035399482165848;0.0083384095234047;0.0069320448789598;0.0072285091713612;0.027051883;0.0027943236321962;0.0129935287852019;0.0082422104228439;0.0157383576404472;0.09623792;0.0022162169809985;0.0492873422636265;0.0114838837634853;0.021075573660127;0.15044072;0.0018458099293991;0.0799198796886979;0.0122473341620991
CGCL-E-CC-4C;0.0055178076269568;0.014473889;0.0029655201686498;0.0071312206938561;0.0068594160453128;0.0074975963197546;0.026952842;0.0027985681744223;0.0127363014260777;0.0084849521994925;0.0158129799042923;0.09932229;0.0022334781193848;0.0491235561651011;0.0115486942907388;0.0209046213605863;0.15211025;0.0018142588321849;0.0782875582865772;0.0122906000229853
CGCL-E-CC-5C;0.0054083204015292;0.014289958;0.0029117559671189;0.006966421592932;0.006831826520843;0.0073686966311793;0.02679721;0.0027801751581091;0.0124854994105323;0.0084707868819839;0.01565464991183;0.099152505;0.002233195149903;0.0485594340198304;0.0115621062217742;0.0206085905938571;0.14990309;0.0017920457278682;0.0769663161088845;0.012276237893513
CGCL-E-CC-3C;0.0052874824504284;0.014021138;0.0028636511552229;0.006887327468563;0.0065514509260176;0.00721384530237;0.026174678;0.002703773398039;0.0123506177886339;0.0081374218830181;0.0154150610629808;0.09768107;0.002192730514014;0.0480343655369564;0.0112131251288678;0.0203856710704988;0.14915322;0.0017757749826681;0.0765561395327095;0.0119391755188551
CGCL-E-R-DC-5C;0.0049216090075109;0.014162622;0.0028834590189448;0.0064420393534586;0.006597669274702;0.0060818114540696;0.022736598;0.0023571357829058;0.0097891880187073;0.007715561547322;0.0138386242858059;0.092658356;0.0020719025453104;0.0444774297280579;0.0104959431745212;0.0181728744097549;0.13988596;0.0016512684107019;0.0689695442494413;0.0111671066175344
CGCL-E-R-DC-4C;0.0048737924498089;0.014162622;0.0028891184085796;0.006362473025362;0.0065344727571131;0.0060023016881176;0.022382885;0.0023118606658271;0.0096968665684932;0.0075946370096683;0.0128091049989394;0.083773114;0.0018806151756533;0.0395327132017664;0.0101638440384157;0.0189494488889116;0.14810623;0.0017668614439932;0.0741420414657676;0.0111350966403987
AdaGCL-E-DC-5C;0.0048272453617564;0.01085188;0.0022722449383833;0.0056954852601606;0.0058294071317741;0.0064400861788332;0.019482449;0.0021760353145913;0.0103694926710608;0.00688767369217;0.011761320510273;0.054485776;0.0015447304008262;0.0331251265401133;0.0084176064747558;0.0146690799680505;0.07236944;0.001177294528785;0.0494580484160341;0.0086792489148379
AdaGCL-E-DC-4C;0.0048272453617564;0.01085188;0.0022722449383833;0.0056954852601606;0.0058294071317741;0.0064441440616347;0.019539043;0.0021831095516348;0.0103765757269745;0.0068933330818049;0.0117455279508924;0.054287694;0.0015387880417097;0.0330712149281064;0.0084129896079716;0.0146747476276581;0.07246848;0.001179558284639;0.0495135006557067;0.0086781050947995
AdaGCL-E-DC-3C;0.0048272453617564;0.01085188;0.0022722449383833;0.0056954852601606;0.0058294071317741;0.0064376514491523;0.019440003;0.0021717907723652;0.0103652428375126;0.0068834291499439;0.0117531359836603;0.054287694;0.0015370902248192;0.033145113117168;0.0084111399713439;0.0146724767205634;0.07245433;0.001179558284639;0.049513840100185;0.0086753513304691
CGCL-E-DC-4C;0.0048056786845;0.014162622;0.0028891184085796;0.006362473025362;0.0064976867244867;0.0059411855213298;0.022397034;0.0023146903606446;0.0096996997908587;0.0075536064348158;0.0130209765326091;0.08610761;0.001930134834958;0.0409350885748361;0.0101743119682852;0.0189615202625404;0.14779496;0.0017531374241288;0.0744344096997021;0.011114064715598
AdaGCL-DP-DC-4C;0.0047338705798979;0.0120403515;0.002495790828959;0.0056324460625292;0.0066469531261053;0.0059403319270766;0.019524895;0.0021038780967472;0.0091723943854527;0.0076022839230439;0.0099817627594804;0.052717213;0.0013242971745497;0.0263694778076943;0.0090760439316508;0.0123060550736753;0.07502936;0.0010233591307177;0.0392468507015846;0.0093881418539216
AdaGCL-DP-R-DC4C;0.0047119129330748;0.010370832;0.0021251008078778;0.0054140518385252;0.0057513547163938;0.0064140384177868;0.019793715;0.0021788650094087;0.0101845405896205;0.0069518190558386;0.0118039553644405;0.055080008;0.0015469941566802;0.0333005472172964;0.0084751824762105;0.0148840121050756;0.07418045;0.0012089871107401;0.0505466246313493;0.0087530575818463
CGCL-E-DC-5C;0.004668769543997;0.013356159;0.0027391445832566;0.005928990003447;0.0063866212029032;0.005987647414985;0.022750746;0.0023500615458622;0.0097338165101761;0.0076373238543048;0.0137364403734733;0.092332944;0.0020574711017416;0.0446084411254547;0.0103872350142008;0.0178293005139867;0.13675915;0.0015997679650249;0.06778118348725;0.0110293736147301
AdaGCL-E-R-DC-5C;0.0046424047012596;0.010229346;0.0020968038597037;0.0053347216122924;0.0056843852723817;0.0063182999248348;0.019539043;0.002153397756052;0.0100629312653508;0.0068483611463138;0.01180035802862;0.05500927;0.0015611426307672;0.0336511297988588;0.0083748750889469;0.0146783568977455;0.072652414;0.0011907355791677;0.0497798947346042;0.0086286441203489
AdaGCL-E-R-DC-4C;0.0046424047012596;0.010229346;0.0020968038597037;0.0053347216122924;0.0056843852723817;0.0063182999248348;0.019539043;0.002153397756052;0.0100629312653508;0.0068483611463138;0.0117924039809394;0.05500927;0.0015634063866212;0.0335839959281948;0.0083746996599985;0.0146782516735152;0.072652414;0.0011907355791677;0.0497798947346042;0.0086284921618103
KGCL-E-DC-4C;0.0045797493027263;0.012818517;0.0028410135966835;0.0060177643042314;0.0061548220357767;0.0068625931274714;0.028410137;0.0030645594872592;0.0125059447076418;0.0081909783490168;0.0150126463192685;0.09670482;0.0022597942811867;0.046785802105448;0.0114384950716251;0.0193340226156607;0.14251758;0.0017531374241288;0.0712759097441117;0.0120908196482808
KGCL-E-R-DC-4C;0.0045557550071785;0.014035286;0.0029938171168239;0.0063801806651461;0.0060925687497936;0.0082842803642002;0.036701143;0.0039007343058051;0.0175901509995091;0.008776309705157;0.0158175874844155;0.099605255;0.0023132755132358;0.0496563072228593;0.0116830362152089;0.0199351188964617;0.14335234;0.0017254064149181;0.0731540581354074;0.0123085730977557
AdaGCL-DP-R-DC5C;0.0045516691702821;0.011559303;0.0023882624258973;0.0058994772704735;0.0056558525163061;0.00602459007369;0.019425854;0.0021350047397388;0.0099812343990072;0.0067229955598495;0.0110125900413671;0.051783416;0.0014473888991072;0.0312575727812677;0.0081449651315992;0.0142087856646855;0.071888395;0.0011726255323363;0.0490728928316451;0.0084474540068905
AdaGCL-DP-CC-4C;0.00432539711049;0.010936771;0.0022552667694789;0.0053309439824717;0.0059121757051835;0.0054964258129138;0.01816664;0.0019241924758414;0.0087077234316259;0.0068490966423874;0.0094795215937222;0.051514596;0.0011856421284964;0.0260181787395519;0.0082716323842083;0.0121122541730403;0.07808543;0.0009520508213189;0.0411129042285359;0.0086450757993503
LightGCN-E-DC-4C;0.004304559193735;0.011064107;0.0023203497502794;0.0055526436325688;0.0053221843357527;0.0054145115445925;0.018492056;0.0019609785084678;0.0087323960763917;0.006282674834154;0.0092596398064649;0.05256158;0.0011989416941382;0.0255079300310276;0.0077133163560205;0.0120861356718351;0.084763505;0.001009918080335;0.0416114066688241;0.008156021465483
AdaGCL-DP-CC-5C;0.0042484558281839;0.011064107;0.0023118606658271;0.0053488877241196;0.0057412149766314;0.0053425458054073;0.01761485;0.0018760876639454;0.0085110562005633;0.0065944802535586;0.0093101438115055;0.050340272;0.0011672491121832;0.025792487870493;0.0079866354354741;0.0119123498606627;0.07658569;0.0009371949235274;0.0407010469821471;0.0083567804580033
AdaGCL-DP-CC-3C;0.0042443984933555;0.010498168;0.0021986728731306;0.0053205555004651;0.0054834769403453;0.0054335170166262;0.017657295;0.001873257969128;0.0087297539841065;0.0064168270721843;0.0094638893386808;0.050679833;0.0011782849219711;0.0262763122830834;0.0078265828552705;0.0121575392387216;0.07807128;0.0009514848823554;0.0417914403681609;0.0082109550816255
CGCL-E-R-DC-3C;0.004219129302829;0.011516858;0.0023543060880884;0.00507217633976;0.0062809792630531;0.0057685712861038;0.022057472;0.0022736597857921;0.0094442431957129;0.0077031872469697;0.011598127212605;0.0751284;0.001674047453982;0.0352526561672421;0.0098894091221705;0.0160807290020167;0.12545452;0.0014452666279941;0.0606555181239269;0.0106293967359036
CGCL-E-DC-3C;0.0042069646760249;0.011502709;0.0023486466984535;0.0050714680341686;0.0062698962916849;0.0057182836595352;0.021930134;0.0022651707013398;0.0093613714415233;0.0076638241708488;0.0117768052017124;0.07734971;0.0017142291203893;0.0364432250931286;0.0098862903153323;0.0160752781378377;0.1256809;0.0014400316925819;0.0608919209989891;0.0105880926549271
CGCL-E-DC-2C;0.0041226684587677;0.0111207;0.0022750746332008;0.0048592124586231;0.0062078788136032;0.0055243758382679;0.020472841;0.0021335898923301;0.0088281353821578;0.007483852211777;0.010725805677014;0.06961049;0.0015512386989063;0.0317027396070591;0.0095172393589965;0.0141889472993145;0.11006098;0.0012798709659163;0.0513376219575555;0.0100766532826296
CGCL-E-R-DC-2C;0.0041226684587677;0.0111207;0.0022750746332008;0.0048592124586231;0.0062078788136032;0.0055223664294431;0.020472841;0.0021335898923301;0.0088281353821578;0.0074819657485654;0.0106119689607383;0.06830883;0.0015130378188712;0.0311482539268815;0.0094903539286547;0.0140946537719428;0.108264126;0.0012344543640968;0.0511034120086403;0.0100491456621908
KGCL-E-R-DC-5C;0.0041183055009557;0.012408212;0.0026004895372034;0.0053432212793887;0.0054731013926814;0.0055623268594103;0.022043323;0.0023726991044015;0.0094060509085087;0.0068067185938123;0.0134375975222908;0.09294133;0.0021749034366643;0.0452324374870775;0.0095363151300985;0.0177175878604141;0.1380891;0.00169159156185;0.0693047930470511;0.0101942293154252
AdaGCL-E-CC-2C;0.0041120710356447;0.01121974;0.0023429873088187;0.0055514631232498;0.0053160533303149;0.0087796050074233;0.037762277;0.0039474242702924;0.0185890249060483;0.0087912498200561;0.0174735891437365;0.1103015;0.0025206921433523;0.0563495701753643;0.0119025705011596;0.0238791233327108;0.17525715;0.0021403811598919;0.0931339428546763;0.0128052850909538
LightGCN-E-DC-2C;0.0041079916854471;0.0111207;0.0023118606658271;0.005310639222186;0.0052790314897871;0.0055721130555227;0.020812405;0.0021958431783132;0.0093898385805286;0.0065488458101539;0.0100080499014261;0.06249381;0.0013910779722406;0.0288497462368824;0.0082366308852517;0.0131742827077793;0.09792159;0.0011447530383848;0.0467470605991371;0.0087384035122536
AdaGCL-DP-CC-2C;0.0040906204352574;0.010639653;0.0021986728731306;0.0050887034702251;0.0055921843829143;0.0052092246482336;0.017416772;0.0018449610209538;0.008319380837478;0.0064715681921641;0.0093694154870158;0.05230691;0.0012246919169767;0.0265479624341518;0.0079286893987902;0.0120268252114577;0.07889189;0.0009804892542339;0.0417730200007926;0.008298533946282
AdaGCL-E-CC-3C;0.0040647087083957;0.010243495;0.0021986728731306;0.0054249125242594;0.005156647188934;0.005837626935766;0.020472841;0.0022000877205393;0.0104916135493687;0.0064553816640716;0.0161240296656093;0.10261888;0.0024278781533411;0.0542568509413809;0.010262288305319;0.0217977828101415;0.15631235;0.0019955007852403;0.0866583703511897;0.0110195685372599
AdaGCL-E-CC-5C;0.0040488295537189;0.010328386;0.0022241401264873;0.0054560779702794;0.0051498087597919;0.0058408960313686;0.020529436;0.0022071619575828;0.0105848456782003;0.0064496099849599;0.0160198198578182;0.102434956;0.0024196720383706;0.0539325222010057;0.0102145873155915;0.0216472134146203;0.15508142;0.0019780981621132;0.0861302483897419;0.0109593067060258
LightGCN-E;0.0040476918784651;0.010215199;0.0020600178270773;0.0052254064493585;0.0049896951947065;0.0068433771458403;0.02586341;0.0026599131283691;0.0133192369277705;0.0069707510616408;0.0129991909939046;0.076925255;0.0016797068436169;0.0397235149733833;0.0092873279527802;0.0171411090000488;0.12031862;0.0013776369218579;0.0639391374394423;0.0098846903987112
AdaGCL-E-CC-4C;0.0040284617943929;0.010229346;0.0021986728731306;0.0053706090955882;0.0051486297202846;0.0058221778968898;0.020472841;0.0022071619575828;0.0105040538690012;0.0064534053692785;0.0159799179887493;0.101784125;0.0024063724727288;0.0536489192571067;0.0102209826137501;0.0216096220986476;0.15447304;0.0019715898640331;0.0858613032195051;0.010968094925536
LightGCN-E-R;0.0039807144608131;0.010059565;0.0020288911840857;0.0051300212963881;0.0049260270613147;0.006793780867348;0.025764372;0.0026500091965081;0.0132755580829697;0.0069129388244684;0.0129581239973044;0.0769677;0.0016797068436169;0.0397291561214859;0.0092328911494585;0.0170905199773556;0.12016299;0.0013759391049675;0.0638922655980074;0.0098270286533957
AdaGCL-DP-DC-2C;0.0038638960615536;0.012139391;0.0024674938807849;0.0050391220788296;0.0052922367322684;0.0058602979555002;0.024250485;0.0025269174719506;0.0105908213039433;0.0069551203664589;0.0113497045452799;0.07631687;0.001724416021732;0.0337331669027588;0.009270259687987;0.0155606369542568;0.12299269;0.001481486721657;0.0573119894264629;0.0099377130909217
LightGCN-E-DC-3C;0.0037717487012325;0.011248037;0.0023146903606446;0.0046457763737586;0.0055990228120563;0.0050085621322474;0.020515287;0.0021930134834958;0.0082301174685472;0.0068004865278454;0.0119299984373397;0.08493329;0.0019813523111532;0.0387620816069073;0.0093962909827722;0.0172401339850369;0.14203653;0.001750732183534;0.0687974233216251;0.0102106269064133
KGCL-DP-R-DC3C;0.0037378718631811;0.010045417;0.0020543584374425;0.0051314379075708;0.0043122190938373;0.00536381221914;0.019949349;0.0020897296226601;0.0096294482434358;0.0056377402236851;0.0086906738484983;0.049109355;0.0011375373166004;0.0240318434553325;0.0069088344426378;0.0107294750995383;0.07106779;0.0008653206751651;0.0356801342571729;0.0072161078707275
LightGCN-DP-DC-5C;0.0036702924912361;0.009946377;0.0020826553856166;0.0048729063667228;0.0044692671562038;0.0049379476170246;0.017996859;0.0019100440017544;0.0083912063973261;0.0055438269196952;0.0085887936187124;0.048996165;0.001147724217943;0.023984897152492;0.0069025464933632;0.0110431388317288;0.07529818;0.000932242957597;0.0379262455121984;0.0072654589624151
KGCL-E-R-DC-2C;0.0036545867869419;0.009451181;0.0019468300343807;0.004674344699277;0.004963284709744;0.0067370975165205;0.027094329;0.0028042275640572;0.013003445063481;0.0074548871412154;0.0139724925976627;0.0903946;0.0020427566886911;0.0457924738198736;0.0099329184569865;0.0178666517448422;0.13334937;0.0015901470026457;0.0681190146268668;0.0105155367414401
KGCL-E;0.003478091217877;0.009932228;0.0020402099633554;0.0048953360437827;0.004601083773115;0.0067291364429387;0.027929088;0.0029060965774841;0.014175690817189;0.0069158639653411;0.0130601677390794;0.08278272;0.0018336422416842;0.0419888541284646;0.0092212032363671;0.0181734514904161;0.13571216;0.0015908544263501;0.0717461027299169;0.0099508473760303
CGCL-E;0.003474027933511;0.008531529;0.0017261138386225;0.00445264504918;0.0042914679985096;0.0047936644956031;0.016553715;0.0016921575008135;0.0081681070004652;0.0053414532099855;0.0103263820710643;0.065252766;0.0014159792866339;0.0325303154449388;0.007399008763067;0.0134192388759707;0.098926134;0.0011180124223602;0.0504246388884849;0.0078740092058257
CGCL-E-R;0.003472692048539;0.008517382;0.001723284143805;0.0044498118268145;0.004296891580243;0.0047906947498612;0.016525418;0.0016907426534048;0.0081610239445515;0.0053463827180206;0.0103042062248659;0.06518202;0.0014139985002617;0.0324484253983307;0.0073980864657707;0.0133994844313621;0.098827094;0.0011170220291741;0.0503666825379324;0.0078719493181312
KGCL-E-R;0.0034655718804937;0.009889783;0.0020317208789032;0.0048835309505933;0.0045609964298683;0.0066906420861088;0.02783005;0.0028961926456231;0.0141126516195575;0.0068594385032082;0.0130429966968144;0.08279687;0.0018350570890929;0.0420374315247917;0.0091670085963235;0.018133080455819;0.13565557;0.0015891566094596;0.0716538272936695;0.0098951372024935
LightGCN-DP-CC-2C;0.0034486517568234;0.008602272;0.0017855374297881;0.0043258583483258;0.0045331710974971;0.0044515347002827;0.014530483;0.0015506727599428;0.0071938382810165;0.005307659691918;0.0082103546071042;0.04664752;0.0010670779156467;0.0236622619273812;0.006642104842111;0.0108081717632538;0.07402482;0.000885128538887;0.0385811191541521;0.0070255276481817
KGCL-DP-CC-4C;0.0033475617975391;0.008503233;0.0017685592608837;0.0043940917869605;0.004181345708532;0.0043929958641612;0.014431444;0.0015322797436296;0.0073970039348062;0.0049601967491298;0.0083758206918037;0.04719931;0.0010665119766833;0.024894645508394;0.0063311404255754;0.0113070298651883;0.07676962;0.000908190551649;0.0419490211865733;0.0067443875544798
LightGCN-E-R-DC-5C;0.0033289084527634;0.009974674;0.0020939741648863;0.0050367610601918;0.0037908478237288;0.0046872799032328;0.018605243;0.001979371524781;0.0088392040623911;0.0049178355439762;0.0093730175961113;0.060767695;0.0013670255662926;0.0292258803708414;0.0067011989587178;0.0118255005868627;0.08947495;0.0010317067304291;0.0431383242842827;0.0071069178903217
KGCL-DP-CC-3C;0.0032944500852493;0.008446639;0.001723284143805;0.0042394450661793;0.0042810924508458;0.0044014266092228;0.014813452;0.0015535024547602;0.0073933837062281;0.005113039570587;0.0083637049690119;0.048062366;0.001093111107967;0.0248602791909914;0.006485899168424;0.0112163777554957;0.076826215;0.0009117276701707;0.0414266543570542;0.0068862669419933
KGCL-DP-CC-5C;0.0032732001724021;0.008050482;0.0016666902474568;0.0042193764077573;0.0039766644500723;0.004243002485585;0.013568386;0.0014388998146549;0.0070403102333518;0.0046827182228079;0.0080702719944298;0.04459599;0.0010178412258237;0.0238232787200976;0.0060081727719145;0.0110181881823723;0.0746332;0.0008847040846644;0.0409571430048097;0.0064289271116677
CGCL-DP-R-DC2C;0.002993432668578;0.00871546;0.001791196819423;0.0034577117951769;0.0049533807778831;0.0036457799902989;0.014445592;0.0015124718799077;0.0053735884762502;0.0057175668128001;0.0071169573023235;0.049307432;0.0011194272697689;0.0200571199541192;0.0072368966756648;0.0093191729985532;0.076713026;0.0009231879341812;0.0320880264380138;0.0076190123512258
KGCL-DP-R-DC5C;0.0028960465049812;0.007866551;0.0016327339096478;0.0036997162055597;0.0038108914953522;0.0038641932743427;0.013978693;0.0014785155420987;0.0064862466167165;0.0046215766026459;0.0070849068301918;0.04244542;0.0009708682918547;0.0205258435813911;0.005843020871634;0.0091695268335344;0.06410673;0.0007760438036757;0.0324955908996384;0.0061447581410961
AdaGCL-E;0.0028863562598315;0.0074703945;0.0015393539806731;0.0036716200837689;0.0041575291104854;0.006234973953722;0.027066031;0.0028311096648226;0.0132899209463502;0.0065875407638873;0.0137081607573364;0.08796106;0.0019400387668189;0.045077977454891;0.009465572548676;0.0186095957797202;0.13987182;0.0016250937336408;0.0736519203563126;0.0101672435573685
AdaGCL-E-R;0.0028554888440415;0.007427949;0.0015336945910383;0.0036312466650611;0.0041219221173663;0.006139552634407;0.02669817;0.0027943236321962;0.0130762150307843;0.0065002862258765;0.0136577774618784;0.08786202;0.001937775010965;0.0450114852969849;0.0094012593489874;0.0185386132889608;0.13956055;0.0016207077066738;0.073483194289917;0.0100986281665081
KGCL-DP-DC-4C;0.0028510192186202;0.007017643;0.0014176771035243;0.0038855283723609;0.0032065158439328;0.0042662460203684;0.014403147;0.0014686116102378;0.0080056183249224;0.004154373776185;0.0084655812777698;0.046293806;0.0009816211321608;0.026585347737993;0.0055649714406727;0.0108924510638984;0.07057259;0.0007759023189349;0.0409821454440588;0.0059052982569605
LightGCN-DP-CC-5C;0.0028021484468078;0.0071874247;0.0015025679480468;0.0033689374943925;0.0039375203384315;0.0035674950655856;0.01223843;0.0013158080900974;0.0055690864409397;0.0045909159609834;0.0067936690444565;0.040450487;0.0009578516956946;0.0196206675752393;0.0057775608743069;0.0090924922464077;0.063526645;0.0008012280875507;0.0327800772160522;0.0060998161032291
BPRMF-E-R-DC-5C;0.0026860799762354;0.0076543246;0.0015676509288473;0.0033417857800569;0.0034578870668798;0.0032478658501884;0.011983758;0.0012436508722534;0.0049769485880321;0.004040624536104;0.0052489953540808;0.032753717;0.0007246848427397;0.013660133755073;0.0049094722594134;0.0069538987870575;0.053721756;0.0006222498903493;0.0231924084178791;0.0051995324029864
BPRMF-E-DC-5C;0.0026845909018936;0.0073006125;0.0014799303895074;0.003073101859066;0.0040151011380089;0.0033422804045303;0.012577994;0.0012960002263755;0.0050188679118004;0.0046931611441579;0.0063716439220479;0.04349241;0.0009499285502058;0.0181371755250304;0.0059634922211755;0.0086502312612186;0.071789354;0.0008115564736343;0.0309252083841641;0.0063641188934121
KGCL-DP-CC-2C;0.002632258515283;0.0072015733;0.0015082273376816;0.0032877184532494;0.0037007692053745;0.0032594754454642;0.0118281245;0.0012662884307927;0.0051078108567731;0.0042973519670982;0.0062059308079449;0.039106384;0.0009171040903238;0.0177417035390216;0.005454699334055;0.0083535963360605;0.06300315;0.0007852403118323;0.0297717973837889;0.0057897186756063
AdaGCL-DP-DC-5C;0.0026027507268863;0.007555285;0.0015648212340299;0.003164473280352;0.0038021666029985;0.0031821121006726;0.0122101335;0.0012903408367407;0.004849082564372;0.0044126732598555;0.0051590709945879;0.032654677;0.0007490202181694;0.0133171835603156;0.0052685184786494;0.0064007458234546;0.0477228;0.0005834830713507;0.0200712649347397;0.0054791076197411
LightGCN-DP-R-DC3C;0.0025973153970716;0.0076543246;0.0015959478770214;0.0031649454840796;0.0036281403717275;0.0033859898727086;0.013695723;0.0014445592042898;0.0053767702299384;0.0044251486207371;0.0064889445141123;0.045218524;0.001008786202408;0.0186532567048037;0.0057385126049132;0.0086926156669247;0.0718318;0.0008440979640345;0.0309168733607796;0.0061080802383441
LightGCN-DP-CC-4C;0.0025107504739606;0.0069751977;0.0014346552724288;0.0032275124779835;0.0034484547508217;0.0032847996946671;0.012266727;0.001288925989332;0.0054586975766729;0.004126071213537;0.006548090898707;0.041157912;0.0009700193834094;0.0196232920785515;0.0053443504233603;0.0089253999675807;0.066158265;0.000829383550984;0.033126588586864;0.0056928961128941
LightGCN-DP-R-DC2C;0.0023911547886124;0.0072864643;0.0015223758117687;0.0030558664230095;0.0033109787442757;0.0029703000183421;0.011983758;0.001254969651523;0.0046964708167977;0.003928643855284;0.005984473231917;0.042898174;0.000943137282644;0.0175511941882815;0.0052286495943161;0.0081479072831121;0.06963879;0.0008058970839994;0.0295377612921992;0.0056029010665314
LightGCN-DP-CC-3C;0.0023316292233584;0.0064941496;0.0013412753434542;0.0029075944525506;0.0033246556025599;0.0030131226333354;0.011304631;0.0012082796870357;0.0048731312256407;0.0039556887757909;0.0059923881759698;0.037790574;0.0008992770129741;0.0178743216555618;0.0050756079689988;0.0081638657122958;0.060527172;0.0007679791734461;0.0301775452206289;0.0053931690825954
CGCL-DP-R-DC4C;0.0023166735989304;0.0069751977;0.0014205067983417;0.0027664055380053;0.0036552582803944;0.0030481196634404;0.012818517;0.0013313714115932;0.0049153035156916;0.0044080188610388;0.0056718138414614;0.03921957;0.0008899390200766;0.0163374816377294;0.0054904007846385;0.007701289283837;0.06229573;0.0007497276418738;0.0276855007765528;0.0058150865727601
LightGCN-DP-DC-4C;0.0022293508903273;0.0062111802;0.0012903408367407;0.0029559953346271;0.0029009088036521;0.0029438830529131;0.010823582;0.0011276333847394;0.0049959828954318;0.0035117523289398;0.0054477078368184;0.03365922;0.0007343058051189;0.0158013646497147;0.0044894984806224;0.0071215371139063;0.052929442;0.0005994708470691;0.0253404086707295;0.0047606832019543
BPRMF-DP-CC-2C;0.0021420639775217;0.00556035;0.0011262185373307;0.0026955749788688;0.0028643585789272;0.0028717797323036;0.009889783;0.0010285940661299;0.0047554794183259;0.0034336942990857;0.0058543351665235;0.035173107;0.0007875040676863;0.0178950533616349;0.0044788193194073;0.0078576093710185;0.05621189;0.0006624315567566;0.0294221575933659;0.0047733528582428
CGCL-DP-R-DC5C;0.0021334897953838;0.0062960708;0.0012761923626536;0.0027647528249588;0.0028629437315185;0.0028794998900625;0.011531007;0.0011785678914529;0.0048868082693216;0.0035520361787711;0.0062078679324143;0.04202097;0.000920216754623;0.0194984368054045;0.004810875728599;0.0084931538852784;0.06762971;0.0007811372543471;0.0325088039916263;0.0051714212440358
CGCL-DP-DC-3C;0.0021021939621253;0.006267774;0.0012875111419233;0.0025175541735726;0.0031204459599032;0.0027759189058258;0.0119554605;0.0012478954144795;0.0043092300313475;0.0038903980594581;0.0053983496261417;0.039799657;0.0009193678461777;0.0152254994413698;0.0050851290655369;0.0072415731399254;0.06331442;0.0007784490442705;0.0252030957247053;0.0054170533057777
CGCL-DP-DC-4C;0.0020687119034777;0.0065507437;0.0013384456486367;0.0025036241636091;0.0032513193452086;0.0026323058478823;0.011163146;0.0011714936544093;0.0042153120828164;0.0038480480832523;0.005305714832887;0.038342364;0.0008772053933983;0.0157804983409309;0.0049856816646194;0.0071212702996338;0.059197217;0.0007235529648127;0.0258268629846168;0.0052780878726337
BPRMF-E-R-DC-4C;0.0020419268087527;0.0059989532;0.001230917245575;0.0027097410906961;0.0025797384418757;0.0028219815003528;0.011714936;0.0012096945344444;0.0048790000433977;0.0033335882304458;0.0048177796764362;0.03207459;0.0007003494673099;0.0134132119830945;0.0042053653579806;0.0063234123008182;0.05117503;0.0005848979187594;0.0218409628174221;0.0044720561029633
CGCL-DP-DC-5C;0.0020295410256365;0.0062253284;0.0012790220574711;0.0025784684544299;0.0030096162462211;0.0026269881864919;0.011007513;0.0011474412484613;0.0042784974387444;0.0036345970166482;0.0047318363231446;0.03281031;0.0007340228356371;0.0132417511655793;0.0045659143234641;0.0061542010001893;0.050085597;0.0005885765220221;0.0211580833810526;0.0048053772704734
CGCL-DP-R-DC3C;0.0020017666103368;0.0062253284;0.0012761923626536;0.0025017353486988;0.0028851096742549;0.0026584456756859;0.011672491;0.0012125242292618;0.004251750470461;0.0036084784843256;0.0051846259764556;0.03878097;0.0008922027759306;0.0147460120007339;0.0047676077969556;0.0071118615529087;0.06293241;0.0007740630173035;0.0251614292332392;0.0051108558237912
LightGCN-E-DC-5C;0.0019937582843835;0.0060838438;0.0012535548041143;0.0032513587662261;0.0020885505831529;0.0030522629201818;0.0122101335;0.0012818517522885;0.0062336738371927;0.0028907129191513;0.0062208887640022;0.041016426;0.0008916368369671;0.0202491504555562;0.0040807302842896;0.0084829241895849;0.06673835;0.000751708428246;0.0332249178980409;0.0044439386253858
AdaGCL-E-R-DC-3C;0.0019314298794921;0.0063809617;0.0012875111419233;0.0030778238963418;0.0025382362512203;0.0031855642728569;0.013016596;0.0013752316812631;0.0064459237912652;0.0034745171384059;0.0053012088182275;0.03255564;0.0007195913920683;0.0158436784402398;0.0042334891078544;0.0071510663542264;0.05240595;0.0006140437753788;0.0265517629668826;0.0045044692217407
BPRMF-DP-CC-3C;0.0018864533032664;0.0051783416;0.0010583058617128;0.0023985588342234;0.0025368214038115;0.0025496332549506;0.009295547;0.0009635110853294;0.0042937934666341;0.0030795725903183;0.0052484063585422;0.033630922;0.000746190523352;0.0160663575340709;0.0040838234805754;0.0071159222777814;0.05431599;0.0006314463985059;0.0267815733893096;0.0043729862572657
KGCL-DP-R-DC4C;0.0017941667578807;0.005036857;0.0011318779269655;0.002263036364409;0.0023750571834161;0.0022316812651626;0.008658866;0.0009663407801468;0.0035414267703086;0.0028591539616738;0.0039798686699196;0.026401052;0.0006315878832467;0.0112357388823962;0.0035952637687691;0.0052714190014451;0.041129615;0.0005195319684771;0.01843941595622;0.0038032324297133
BPRMF-DP-CC-5C;0.0016636811683197;0.0041879485;0.0008460787504067;0.0020644746969632;0.0021611794167998;0.0022426964951048;0.0075835823;0.0007838254644236;0.0037273063947852;0.0025962674528726;0.0047032048303744;0.02948542;0.0006496979300782;0.0144277797064442;0.0035196618636338;0.0064961814036244;0.049109355;0.0005673538108914;0.0247209319866518;0.003794226802823
AdaGCL-DP-DC-3C;0.0016515727233269;0.0045133634;0.0009168211208421;0.0022205380289272;0.0022260265896989;0.0020762559640106;0.007427949;0.0007611879058843;0.0034494932017279;0.0026059861070967;0.0046636617893914;0.03133887;0.0007011983757551;0.0146466040714636;0.003612382885998;0.0062169979271426;0.048359483;0.0005713153836358;0.0235328894117963;0.003850720819065
SpectralClustering-DP;0.0016471089108071;0.0038625335;0.000772506685154;0.0015490643283138;0.0031145507623669;0.0017402563104773;0.004980263;0.0004980262878648;0.0018808661475573;0.0032582981361968;0.0023746492574844;0.012309172;0.0002492961134141;0.0045929757961638;0.0035704939622897;0.0027198755346325;0.018025156;0.0001844961020953;0.0064554760570515;0.0036515108209371
BPRMF-E-DC-4C;0.001631002584537;0.004654848;0.0009451180690162;0.0019851444707304;0.0023835462678683;0.0021472301932648;0.008319302;0.0008517381400415;0.0034716586695592;0.0028680416737689;0.0036004398928295;0.023062013;0.0004875564170404;0.009811810828609;0.0034825900838401;0.0046915130904677;0.036828477;0.0004013922098501;0.0160186013297528;0.0036736869492683
BPRMF-DP-CC-4C;0.0016263330636209;0.0044992147;0.000936628984564;0.002119250329362;0.0021222711130604;0.0022826140457341;0.008503233;0.0008828647830331;0.0039939440996232;0.0026457758832297;0.004790560156496;0.030985158;0.0006887477185585;0.0149183507110359;0.0035814779236203;0.0066432836492272;0.051387258;0.0006001782707734;0.0255224342998419;0.0038659995091681
SpectralClustering-DP-CC-5C;0.0016096945264602;0.003848385;0.0007696769903365;0.0015457589022207;0.0030044284723892;0.0016676381275667;0.0048104813;0.0004810481189603;0.0017782236730119;0.0031304958680841;0.0023188147161909;0.0122525785;0.0002481642354872;0.0045322837338355;0.0034547705567279;0.0026623212099562;0.017996859;0.0001840716478727;0.0063733518670382;0.0035364984188855
SpectralClustering-DP-CC-4C;0.0016082338353392;0.0038625335;0.000772506685154;0.001563230440141;0.0030261227993227;0.0016700584898485;0.004852927;0.0004852926611864;0.0017986633486484;0.0031540092845431;0.0023178960978734;0.012365767;0.0002504279913411;0.0045478871540868;0.0034752621956423;0.002668108395832;0.01798271;0.0001839301631319;0.006449966076651;0.0035548680164795
SpectralClustering-DP-CC-3C;0.0015701929706994;0.0037776425;0.0007555285162495;0.001485316825091;0.0030072581672066;0.0016627699821143;0.004895372;0.0004895372034126;0.0018170624296051;0.0031528134016143;0.0022985257702284;0.012280876;0.0002492961134141;0.0045146790961119;0.0034656200790193;0.0026386017017881;0.01789782;0.0001833642241684;0.0063467634007053;0.0035451953881243
SpectralClustering-DP-CC-2C;0.0015482213149411;0.0036503063;0.0007300612628927;0.0014560401939812;0.002925904441206;0.0016462151874422;0.004782184;0.0004782184241429;0.0017963866521048;0.0030717853150966;0.0022716386603241;0.0121676875;0.0002464664185967;0.0044477370362291;0.0033852990730025;0.0026281390977153;0.018011007;0.0001842131326136;0.0063732405382873;0.0034681835685594
KGCL-DP-DC-5C;0.0015053875845381;0.003961573;0.0008036333281455;0.0021992888611862;0.0016237732093927;0.0019872375590276;0.006720525;0.000690445535449;0.0036060849521488;0.0019790178129288;0.00358399348954;0.020076685;0.0004312454901738;0.0106828357136934;0.0025398123800636;0.0046174922809058;0.03145206;0.0003480524625419;0.0167089881130892;0.0026976137293459
KGCL-DP-DC-2C;0.001479855662309;0.0037776425;0.0007640176007017;0.0019775892110892;0.0016487688469465;0.0021256303380708;0.0074138003;0.0007583582110669;0.0038798450632112;0.0021112499009045;0.0042813522868201;0.025396511;0.0005421695270165;0.0134340708335955;0.0028756643277045;0.005982635275714;0.044242278;0.0004840192985186;0.0234117276557105;0.003135817458953
KGCL-DP-DC-3C;0.0014658509017198;0.0047114417;0.0009677556275555;0.0020632941876443;0.0020727514537557;0.0023585051402531;0.011134849;0.0011743233492267;0.0044965262670069;0.0029107734341962;0.0045334569180015;0.032244373;0.0008067459924447;0.0134808032024767;0.0038451780132868;0.0060037626810172;0.048373632;0.0006642708583879;0.0214489408497773;0.0040710661561377
CGCL-DP-DC-2C;0.0014346298798156;0.0035654155;0.0007187424836231;0.001815151128803;0.0017237557596079;0.0021649263614615;0.007456246;0.0007583582110669;0.0038567127020329;0.0022510559140958;0.0045069813597498;0.028197909;0.0005925380947664;0.0143617074204648;0.0030946395351056;0.006173317982983;0.046704113;0.0004985922268283;0.024201523594723;0.0033496786965957
CGCL-DP-CC-3C;0.0012373375800296;0.00352297;0.0007498691266146;0.0015906182563405;0.0016567863155958;0.0016790139305871;0.00686201;0.0007343058051189;0.0028384559567713;0.002080695934245;0.0034671571220424;0.024505157;0.0005628262991836;0.0104705959342512;0.0028123739837899;0.0048105864998791;0.04070516;0.0004833118748143;0.0180205825780244;0.0030368377199523
BPRMF-E-R-DC-2C;0.0012186953081955;0.003961573;0.0008064630229629;0.001547647717131;0.0019498955370996;0.0019312305482571;0.008970133;0.0009238953578856;0.0035605735071672;0.0025983167358257;0.005003050700401;0.039898697;0.0008715460037634;0.0168824752348022;0.0038442856570601;0.0072897094578718;0.06809661;0.0007740630173035;0.029717480269309;0.0042432488068665
CGCL-DP-CC-2C;0.0011810561162481;0.003282446;0.0006791267561793;0.0015516614488154;0.0015502011441399;0.0016979947097799;0.006564892;0.0006847861458141;0.0029936310960095;0.0019850702157327;0.0034220432571916;0.022962973;0.0005067983417988;0.0104662330283769;0.0026634175521443;0.0046250982995477;0.03736612;0.0004272839174295;0.017269416439785;0.0028660321877715
BPRMF-DP-DC-2C;0.0011785498266976;0.0036220094;0.0007470394317972;0.0014253469516888;0.0017143234435499;0.0014755918726352;0.0058291713;0.0006253625546484;0.0022991599495686;0.0019976185647742;0.0030028389237005;0.021307603;0.0004770865462159;0.0089146566725887;0.0026321564253777;0.0043690228662463;0.03810184;0.0004493555370053;0.0164926655750384;0.0028714779353227
KGCL-DP-R-DC2C;0.0011469943074136;0.0031692581;0.0006480001131877;0.0014121252473167;0.0015693015841574;0.0015411846147657;0.0062111802;0.0006409258761442;0.0025574891173905;0.001967631659973;0.0030237049047189;0.021194413;0.0004932158066752;0.0090174363056017;0.0025775100136624;0.0042646972246808;0.035739046;0.000429972127506;0.0161116192491452;0.0027794590479001
CGCL-DP-CC-4C;0.0011234219370592;0.0032682975;0.0006791267561793;0.0015037327704664;0.0014959653268061;0.0016284295861332;0.0064234072;0.0006890306880402;0.0029229466951697;0.0019059791226913;0.0033814040813684;0.0231752;0.0005181171210684;0.0105513198324879;0.0026015465125464;0.0047586655355484;0.039346907;0.0004520437470818;0.0184126145000609;0.0028282046366775
CGCL-DP-CC-5C;0.0010978522293541;0.003282446;0.0006678079769096;0.0015075104002871;0.0014292316906954;0.0015682021447772;0.0063951104;0.0006663931295009;0.0028020063261807;0.0018377632654857;0.0034833286799298;0.024590047;0.0005413206185712;0.0110881501441569;0.0025837234548408;0.0048417433961253;0.040549528;0.0004586935299028;0.0188298066245903;0.0028068224710674
AdaGCL-E-R-DC-2C;0.0008264569299672;0.0028721401;0.0005772577427524;0.0012317434233825;0.0010797643807448;0.0014776319707878;0.006833713;0.0007060088569447;0.0029621789548692;0.0016483870627251;0.0044872931731157;0.0333904;0.0007501520960964;0.0162597147886508;0.0027357360298363;0.0061377881546197;0.05257573;0.000619278710791;0.0255811663518461;0.0030028099485063
BPRMF-E-CC-2C;0.0008143041048612;0.0024618346;0.0004951965930474;0.0009977664763685;0.0011684281516905;0.0011161830389164;0.004598254;0.0004697293396907;0.0018473734117371;0.001443183658198;0.0022003817058098;0.016737645;0.000359937180775;0.0065032329376672;0.0019325851356844;0.0031309383735952;0.028990224;0.0003228681786669;0.0117402392291179;0.002103049241961
BPRMF-DP-DC-4C;0.0008139229858765;0.0022920528;0.0004612402552384;0.0010532504143587;0.0010241137160023;0.0010706373567514;0.0041172057;0.0004216245277946;0.0017670594277385;0.0012585573003094;0.0022731067359868;0.016935723;0.0003596542112933;0.0069801334807711;0.0017720540658423;0.0032676274046965;0.029711796;0.0003273956903747;0.012625811789987;0.0019487429960597
LightGCN-DP-R-DC4C;0.0007164442378508;0.001881747;0.000376349410716;0.0008686187568764;0.0010172752868603;0.0008822335996576;0.0029428827;0.0002957031084197;0.0013568099535149;0.0011557562842244;0.0014983045152534;0.008828647;0.0001850620410588;0.0040596559028017;0.0014111518641034;0.0019164603144305;0.013823059;0.0001485589779142;0.0064896519839037;0.0014793656585124
BPRMF-E-CC-5C;0.0007082298561247;0.0020939743;0.0004216245277946;0.0009472406775179;0.0009321486344364;0.0009270523272686;0.0037917912;0.000386253342577;0.0015680255565651;0.0011466271497539;0.0019768816294718;0.015124719;0.0003223022397034;0.0061299750441974;0.0016074943472646;0.0029262225637645;0.027490485;0.0003015039827954;0.0115240220156052;0.0017785546279152
BPRMF-E-CC-4C;0.0006879683667649;0.0020656772;0.0004216245277946;0.0008608273953714;0.0009512490744539;0.0009295301025532;0.0038908303;0.0004032315114814;0.0015484178589248;0.0011927332089615;0.0020527165290733;0.016284894;0.000353428882695;0.0064760215294302;0.0016776352339379;0.0029539491667198;0.02856577;0.0003165013653277;0.0115582902348224;0.0018462474881868
LightGCN-E-R-DC-3C;0.0006876408979305;0.0017685592;0.0003650306314463;0.0010369593857573;0.0006774761008691;0.0012313850868391;0.0049378173;0.0005022708300909;0.0026091223464118;0.001078641485976;0.0034650560885255;0.024491008;0.0005178341515867;0.0125000179478457;0.0018777459214209;0.0050885210578081;0.04405835;0.0004745398208803;0.0218885821281828;0.0021500876385532
LightGCN-DP-R-DC5C;0.0006773535423794;0.001881747;0.0003876681899857;0.0007897607343712;0.0010267076029183;0.0008955856691099;0.0034522277;0.0003721048684899;0.0014086849058729;0.0012324219245652;0.0015778804630025;0.011078255;0.0002484472049689;0.0043107495611047;0.0015541733309991;0.0021092731088112;0.01836472;0.0002147738366417;0.0072143689739276;0.0016550453688026
AdaGCL-E-DC-2C;0.0006737807410184;0.0020090833;0.0004018166640727;0.0009356716861922;0.0008354673948414;0.0018943339285684;0.008121224;0.0008489084452241;0.0043518295533424;0.0016558262405685;0.0042223430695528;0.028664809;0.0006191372260501;0.0145044198857364;0.0025242887488823;0.0055527484477769;0.042643502;0.0004826044511099;0.0222681965368137;0.0027182246063216
AdaGCL-DP-R-DC2C;0.0006693012519177;0.002150568;0.0004329433070643;0.0008775906277004;0.0009969958073355;0.0010779115863462;0.0049378173;0.0005121747619519;0.0020121050549858;0.0013706221982371;0.0032661992092156;0.026287865;0.0006007442097369;0.0114502197387057;0.0022274519067606;0.0044399867652801;0.039544985;0.0004848682069638;0.0180356074148044;0.0024064801707747
AdaGCL-DP-R-DC3C;0.0006679597484524;0.0022779044;0.0004668996448733;0.0008929372488466;0.0009979390389413;0.0010133673227654;0.004895372;0.0005079302197258;0.0018451135796123;0.0013334206945463;0.0029639197919192;0.024236336;0.0005563180011035;0.0100018677149159;0.0021588689546246;0.0044512691715512;0.040195815;0.0004903861118578;0.0184894282044336;0.0023807002574811
BPRMF-E-CC-3C;0.000647193016985;0.0020090833;0.0004046463588901;0.0007836220859127;0.0009793102147266;0.0008633171631207;0.0036786033;0.0003721048684899;0.0013779410703239;0.0012019128736965;0.0018938229321055;0.014841749;0.0003191895754042;0.0058923327545512;0.0016437141338943;0.002826106605523;0.027377298;0.0003041921928719;0.0111453952099325;0.0018172753692005
LightGCN-DP-DC-3C;0.00063150967613;0.0016270746;0.0003254149040026;0.0007477346026169;0.0008458429425053;0.0007661643699893;0.0024052407;0.0002447686017063;0.0011515755976806;0.0009502946139004;0.0013977069799281;0.0080221845;0.0001689327805996;0.0039667340310262;0.0011817520613655;0.0017979991186081;0.012719478;0.0001369572291628;0.0063138690862589;0.001246358951389
BPRMF-E-DC-3C;0.0006053638276253;0.0018958956;0.0003791791055334;0.0008138431244776;0.0007637817928003;0.0008855241450982;0.003848385;0.0003890830373944;0.0016337574397383;0.0010098585669122;0.0018947498933944;0.014176771;0.0002937223220475;0.0060141033978711;0.0014407339499758;0.0027412646790066;0.025778519;0.0002764611836613;0.010786324951921;0.0016008078818464
BPRMF-DP-DC-3C;0.0005490001329549;0.0017402623;0.0003537118521767;0.0007132637305038;0.0008203756891485;0.0007897687009199;0.0034097822;0.0003565415469941;0.0013737249656134;0.0010416308743959;0.0016691916417536;0.013030745;0.0002824035427779;0.0050431049961994;0.0014477824418954;0.0023792484521368;0.022283847;0.0002521258082315;0.0090158442894635;0.0015745523189599
UserKNN;0.0005301322938161;0.0013316146;0.0002663229023529;0.0005744354930216;0.0010065022453287;0.0005715206190133;0.0017849301;0.0001784930090238;0.0007162657888148;0.0010654883609651;0.0009042402919173;0.0058789365;0.0001184286948761;0.0021513748739312;0.0012353556575935;0.0011912772053352;0.010227933;0.000103837599694;0.0037422712973522;0.0012948798206489
LightGCN-E-R-DC-2C;0.0005223828522371;0.0015421837;0.0003112664299155;0.0007427764634774;0.0006218254361267;0.000904576579286;0.0034805245;0.0003537118521767;0.0018578743232027;0.0008712540511236;0.002470177298906;0.018053453;0.0003740856548621;0.0088871479515004;0.0014414977525336;0.0037784272932288;0.03364507;0.000358805302848;0.0164601272276743;0.0016629909462116
BPRMF-DP-R-DC5C;0.0004957989440742;0.0016836685;0.0003367336832722;0.0006299197725866;0.0007607162900814;0.0006747996473053;0.0030560703;0.0003126812773242;0.0011149741873205;0.0009407275504701;0.0014038447203539;0.010809435;0.000236279517254;0.0042232946998045;0.0012602893950246;0.0019712553602871;0.018011007;0.0002065677216712;0.0073706631508201;0.0013611843106411
BPRMF-DP-R-DC3C;0.0004824700664125;0.0015704806;0.0003140961247329;0.0006119760309387;0.0007220437942434;0.0007637780540769;0.00352297;0.0003622009366289;0.0014146380457241;0.0009703158276284;0.001912695799896;0.01603022;0.0003418271339436;0.0063312236742715;0.0014797854572771;0.0028380617797126;0.028084721;0.0003122568231016;0.0115426437115737;0.0016460671458513
BPRMF-DP-R-DC4C;0.0004092574885414;0.0013299566;0.0002659913128369;0.0005572003985399;0.0005376420153086;0.0005505146314865;0.0023486468;0.000236279517254;0.0009475217511652;0.0006710756006869;0.001076575330874;0.0081070755;0.0001709135669718;0.0031392463626075;0.0009093295692443;0.0015756297201365;0.014360701;0.000157472516589;0.005959205120499;0.0009967229582037
BPRMF-E-DC-2C;0.00040774692627;0.0011177295;0.0002235458905757;0.0005206046096527;0.0005213712701085;0.0005116272289507;0.001910044;0.0001910044001754;0.0008231354192595;0.0006244810822549;0.0010679925303285;0.0079372935;0.0001663860552639;0.0032745058826869;0.0008623533649659;0.001500177123654;0.013426902;0.0001447388899107;0.0057365976350639;0.0009400149385677
BPRMF-E-R-DC-3C;0.0003515107703469;0.0012733627;0.0002575022283846;0.0005045496829151;0.000465720605366;0.0005556753344176;0.0026457647;0.0002659913128369;0.0010937475054713;0.0006378210721084;0.0016004414668544;0.013596684;0.0002857991765588;0.005710355623054;0.0010500284016794;0.0026209874062282;0.026302014;0.0002832524512231;0.0115436901771916;0.0012266091997255
ReviewsOnly-DP;0.0003482465027938;0.00096813816;0.0001994075572574;0.0004754740273518;0.0004325313681574;0.000465545308074;0.0018351275;0.0001878476988656;0.0007983811930342;0.0005441562507525;0.0013721359713956;0.010360523;0.0002187703200635;0.0048316017145;0.0008748661859708;0.002228886421615;0.020764396;0.0002272957156274;0.0097313231148222;0.0010184681904478
ReviewsOnly-DP-CC-5C;0.0003383459736847;0.00085253955;0.000173397875876;0.0004528094438979;0.0004262697781952;0.000444398445831;0.0015894806;0.0001661729643811;0.0007510714584234;0.0005217590251186;0.0014944899501971;0.011227513;0.0002392890687089;0.0054832573035747;0.0008948544503643;0.0024166471803167;0.022411676;0.0002468029766635;0.0107978616716714;0.0010486809447992
BPRMF-DP-DC-5C;0.0003271633304945;0.00090550235;0.0001867598579493;0.0004670094865728;0.0003506463494578;0.0004763069350831;0.0018251531;0.0001938340949928;0.0008895699865511;0.0004697012673214;0.0009823495490963;0.0069893464;0.0001528035201403;0.0031613316696971;0.0006694231195838;0.0014145492395636;0.012535548;0.0001402113782028;0.0056585901614676;0.0007451413115928
ReviewsOnly-DP-CC-2C;0.0003240575172175;0.00093923847;0.0001907376634636;0.0004270103967748;0.0004043542133275;0.0004762288401368;0.0018929268;0.0001936276280615;0.0008592793443207;0.0005286398932089;0.0014024374818385;0.01064952;0.0002271512173975;0.0050230880471506;0.0008594653661427;0.0023624837556275;0.022642873;0.0002476699660429;0.010526456916913;0.0010248017701271
LightGCN-DP-DC-2C;0.0003054230036786;0.00083475997;0.0001697816890448;0.0003916929920244;0.0004654847974645;0.0004029043216619;0.0014572928;0.0001499738253229;0.0006701076826871;0.0005522003459863;0.0008894841420103;0.006536595;0.0001375231681263;0.0027666703876934;0.000765193610774;0.0011971256958222;0.01056891;0.0001143196706235;0.0045208280753322;0.0008218511988217
ReviewsOnly-DP-CC-4C;0.00030112253093;0.00078029046;0.0001618380174842;0.0004258048338252;0.0003658213520217;0.0004202583936223;0.0015461311;0.0001589480528863;0.0007607044804689;0.0004662762920836;0.0014075688204251;0.011054114;0.0002309081713749;0.0052003712592149;0.0008232849352353;0.0024305020770647;0.023191966;0.0002468029766635;0.0111675050066145;0.0009885839904966
SpectralClustering-E-DC-3C;0.0002280842939037;0.0008630569;0.0001726113838622;0.0002705727359011;0.0003504105415564;0.0002779499594447;0.0014006989;0.0001414847408706;0.0003988097767758;0.0004293556582779;0.0009061659352734;0.0082344115;0.0001661030857821;0.003089252881133;0.0007172496183917;0.0013006299130318;0.014006989;0.0001428995882794;0.0052796172431316;0.0008017254695565
ReviewsOnly-DP-CC-3C;0.0002182797318396;0.0007513908;0.0001531681236904;0.0002941573597206;0.0003217493919032;0.0003644619252367;0.0016472798;0.000170507911278;0.0007122523314439;0.0004391656718078;0.0013607395118694;0.011270862;0.0002387110757893;0.0051388530111453;0.0008078236395819;0.0023720839977253;0.023582112;0.0002560508633769;0.0109575290482532;0.0009791808561597
SpectralClustering-DP-DC-3C;0.0002079492307925;0.0006649783;0.0001329956564184;0.0002554622166187;0.0003001834585473;0.0002709366356666;0.0012026203;0.00012026202974;0.0004591394244466;0.0003657885854153;0.0012424897962878;0.011573452;0.0002337327919183;0.004289707830524;0.000890881296163;0.001713923559745;0.01911459;0.0001959563661059;0.0068417457213443;0.0009967373515174
SpectralClustering-DP-DC-2C;0.0002020112174556;0.0007074237;0.0001414847408706;0.0002453098364758;0.0003018341138574;0.0002718454517745;0.0014148474;0.0001414847408706;0.0004064043867276;0.0004112995103954;0.0013948296552793;0.013936247;0.0002829694817413;0.0050866131940975;0.0009304070683405;0.0018646517750416;0.020869;0.0002153397756052;0.0076655098445344;0.0010287135693432
SpectralClustering-E-DC-2C;0.0001986159228112;0.0006649783;0.0001329956564184;0.0002368101693794;0.0002964105321241;0.0002832451752971;0.0014855898;0.0001485589779142;0.0004385142402028;0.0004206307659242;0.0008598749901306;0.0081070755;0.0001638393299282;0.0030176577546182;0.0006574578212335;0.001416716163907;0.015775548;0.0001607266656291;0.0061683852603505;0.0007697193390224
BPRMF-E-R;0.0001963185015823;0.00046689966;9.337992897466008e-05;0.0002219357519608;0.0002466550649179;0.0002717431744703;0.00090550235;9.055023415724614e-05;0.0004431013621278;0.0003022158980788;0.0005456280698401;0.003466376;7.017643147186576e-05;0.001675893908296;0.0004085224961142;0.0008156400105141;0.006621486;6.706376717271043e-05;0.0032719866373536;0.0004526925645828
BPRMF-E;0.0001933835342516;0.0004386027;8.77205393398322e-05;0.0002162693072299;0.0002487773360309;0.0002724077077858;0.0008913539;8.913538674853918e-05;0.0004431013621278;0.0003082739153566;0.0005644989519622;0.0036503063;7.385503473450388e-05;0.0017602895926974;0.0004211703340711;0.0008372544631986;0.0067912675;6.890306880402949e-05;0.0033847292123435;0.0004644270407849
SpectralClustering-E-CC-3C;0.0001810583389023;0.0004951966;9.903931860948797e-05;0.0001947840376251;0.0002690568155557;0.0002381003427663;0.001315808;0.0001315808090097;0.0003327406052257;0.000362487274795;0.0008979406063458;0.00861642;0.0001751581091979;0.0032060644688089;0.0006409840859634;0.0014375124026525;0.016794238;0.0001726113838622;0.00622986050492;0.0007527863042954
SpectralClustering-E-CC-2C;0.0001738542054457;0.0004951966;9.903931860948797e-05;0.0001947840376251;0.0002572664204832;0.0002308472916791;0.001315808;0.0001315808090097;0.0003327406052257;0.0003506968797224;0.0008934411392079;0.008644718;0.0001757240481614;0.0032271168849967;0.000629726425097;0.0014436977440441;0.017034763;0.000175016624457;0.0063065547713835;0.0007445654995855
SpectralClustering-E-CC-4C;0.0001738542054457;0.0004951966;9.903931860948797e-05;0.0001947840376251;0.0002572664204832;0.0002308472916791;0.001315808;0.0001315808090097;0.0003327406052257;0.0003506968797224;0.0008878823935479;0.008588124;0.0001745921702344;0.0031974467507807;0.0006285856015787;0.0014345096308414;0.016850833;0.0001731773228257;0.0062570051529878;0.0007422659981072
SpectralClustering-E;0.0001738542054457;0.0004951966;9.903931860948797e-05;0.0001947840376251;0.0002572664204832;0.0002308472916791;0.001315808;0.0001315808090097;0.0003327406052257;0.0003506968797224;0.0008912068842499;0.008644718;0.0001757240481614;0.0032136197284502;0.0006297276025736;0.0014314889374398;0.016864982;0.0001734602923074;0.0062293748305421;0.0007421561380145
SpectralClustering-E-DC-4C;0.0001587638438631;0.0003820088;7.640176007017644e-05;0.0001754236847945;0.000228969472309;0.0001903569710824;0.0007357207;7.35720652527625e-05;0.0002630961768812;0.000275996305227;0.000839626057659;0.008078779;0.000162990421483;0.0030054217755273;0.0005880582035812;0.0014104030712031;0.016001925;0.000162990421483;0.0062431458783324;0.0007018630243657
SpectralClustering-E-CC-5C;0.0001503815168628;0.0004951966;9.903931860948797e-05;0.0001947840376251;0.0002280262407032;0.0002109328677475;0.001315808;0.0001315808090097;0.0003327406052257;0.0003214566999425;0.0008689667760639;0.008559827;0.0001740262312709;0.0031927247135049;0.0005987623683642;0.0014183456425874;0.016935723;0.0001740262312709;0.0062655921134693;0.0007134502847924
SpectralClustering-E-DC-5C;0.0001320539107709;0.00036786034;7.35720652527625e-05;0.0001600770636483;0.0002025589873465;0.0002048599060866;0.0011601748;0.0001160174875139;0.0003307730896941;0.0003003518927626;0.0008234214167123;0.007965591;0.0001607266656291;0.0030021001593147;0.0005735334336235;0.0013664046661492;0.015619915;0.0001591703334795;0.006064944261829;0.000684621745527
SpectralClustering-DP-DC-4C;0.0001164086185667;0.00035371186;7.074237043534854e-05;0.0001447304425021;0.0002101048401929;0.0001788598893383;0.00091965083;9.19650815659531e-05;0.0003220822925176;0.0002802183895577;0.0012241063564829;0.012478954;0.0002529747166768;0.0044739050912387;0.0008255428443812;0.0016295009724912;0.018817471;0.0001932681560293;0.0067059336711549;0.0009110199634259
SpectralClustering-DP-DC-5C;0.0001067532448125;0.00036786034;7.35720652527625e-05;0.0001518134984157;0.0001509170569287;0.0001761975539906;0.00083475997;8.34759971137113e-05;0.0003495881596489;0.0002105820704697;0.0014555125037648;0.014403147;0.0002920245051571;0.0054566838260773;0.0008509607077278;0.0018484362348;0.02068507;0.0002126515655286;0.0076378636246242;0.0009323025035656
SpectralClustering-E-R;7.844806184726085e-05;0.00033956338;6.791267561793461e-05;0.0001050653293857;0.0001377118144474;0.0001054659032765;0.0005942359;5.9423591165692784e-05;0.0001924230189873;0.0001710281022382;0.0001611942261078;0.0015280352;3.140961247329476e-05;0.0004089665562228;0.0002141245038059;0.0001833301506479;0.0018958956;1.95248942401562e-05;0.0005290721914776;0.0002195941337536
ReviewsOnly-E-CC-5C;7.069751307615404e-05;0.00020229752;4.334946896900513e-05;0.0001123584669097;8.09190087421429e-05;9.729255990019944e-05;0.0003756954;3.901452207210462e-05;0.0001868622571996;0.0001037921610857;0.0001743779667071;0.0013727332;2.8032656599956648e-05;0.0005141785488355;0.0001427879022987;0.0002785814640775;0.0028899645;2.991113358861353e-05;0.0010984742871437;0.00016408320625
BPRMF-DP-R-DC2C;6.475928849500028e-05;0.00021222711;4.244542226120913e-05;8.476056909993247e-05;9.125765786159962e-05;9.4938342515349e-05;0.00033956338;3.395633780896731e-05;0.0001698921554143;0.0001093755649564;0.0001639828686628;0.00091965083;1.895895527667341e-05;0.0004634196620468;0.0001356642217946;0.0002157645428762;0.0016270746;1.7119653645354348e-05;0.0007622747477374;0.0001459993342993
ReviewsOnly-E;5.859485344662134e-05;0.00015894805;3.178961057727043e-05;6.75115251817989e-05;7.008164149989163e-05;7.074208601243095e-05;0.0002600968;2.600968138140308e-05;0.0001023867390831;8.414154863110864e-05;0.0001796467683729;0.0013582833;2.8321653059750018e-05;0.0005860248820467;0.0001292888102549;0.0002761497933366;0.0027165667;2.8177154829853333e-05;0.0011344216947543;0.0001480559841154
ReviewsOnly-E-CC-3C;5.206763236180699e-05;0.00014449823;2.889964597933676e-05;6.172482302335899e-05;7.562074031259784e-05;7.100745224103721e-05;0.0003178961;3.178961057727043e-05;0.0001115317951727;9.816705142187404e-05;0.0001715014347269;0.0015172315;3.20786070370638e-05;0.0005485205515419;0.0001446762463044;0.0002672643075351;0.0028610649;2.962213712882017e-05;0.0010947528193736;0.0001630276039364
ReviewsOnly-E-CC-4C;4.461598322334494e-05;0.00015894805;3.467957517520411e-05;5.425033273537411e-05;8.043734797582063e-05;5.601382264780769e-05;0.0002600968;2.745466368036992e-05;8.752387014640356e-05;9.398119000026377e-05;0.0001485183522614;0.0013293837;2.774366014016328e-05;0.000507073087841;0.0001318187714077;0.0002350972728699;0.0026298678;2.716566722057655e-05;0.0009959695656866;0.0001494291954564
ReviewsOnly-E-DC-4C;4.07560647307319e-05;0.00014449823;2.889964597933676e-05;5.6420346044789074e-05;5.250102352912843e-05;6.227292204355552e-05;0.00033234592;3.323459287623727e-05;0.0001108084574029;7.639483797275863e-05;0.0005954341624443;0.005462033;0.0001101076511812;0.0025821323854583;0.0002527255204466;0.0015691440922335;0.018105628;0.0001835127519687;0.0083699883163193;0.0004103076282091
ReviewsOnly-E-CC-2C;4.007710822314506e-05;0.0001300484;2.600968138140308e-05;4.364137877823428e-05;6.671001613563566e-05;7.433573635835072e-05;0.00033234592;3.467957517520411e-05;0.0001320091429894;9.583329032790775e-05;0.0001575717479187;0.0013004841;2.687667076078318e-05;0.0005035054663209;0.0001337931060662;0.0002461948453878;0.0026732173;2.75991619102666e-05;0.0009983687656108;0.0001524487599545
ReviewsOnly-E-DC-3C;3.948451367438229e-05;0.0001300484;2.600968138140308e-05;5.47325579152441e-05;4.961105893119476e-05;6.255060064353579e-05;0.00033234592;3.323459287623727e-05;0.000114425146252;7.503013246817885e-05;0.0005777091279435;0.005389784;0.0001086626688823;0.002555596646354;0.0002389712908565;0.0015640718615614;0.018148977;0.0001839462466584;0.0083395863586667;0.0004054603745068
ReviewsOnly-DP-DC-2C;3.859648327211348e-05;0.00014449823;2.889964597933676e-05;5.6420346044789074e-05;5.924427425764034e-05;5.571161979423348e-05;0.0003034463;3.0344628278303592e-05;0.0001001995034458;7.864258821559594e-05;0.0005570063068642;0.005303085;0.0001060617007441;0.0025325230587081;0.0002300453243969;0.0012812679133021;0.015042266;0.0001518676396214;0.0069337889951108;0.0003401493836589
ReviewsOnly-E-DC-5C;3.840675572462148e-05;0.00014449823;2.889964597933676e-05;5.6420346044789074e-05;5.081521084700046e-05;5.834367716902008e-05;0.0003034463;3.0344628278303592e-05;0.0001081562189136;7.218604032418063e-05;0.0006056620740782;0.0055198325;0.0001106856441008;0.002623598433802;0.0002571787613292;0.0012688303028852;0.014305325;0.0001452207210461;0.0066042238050248;0.0003608356544257
ReviewsOnly-DP-DC-3C;3.840675572462148e-05;0.00014449823;2.889964597933676e-05;5.6420346044789074e-05;5.081521084700046e-05;6.187752673652689e-05;0.00036124556;3.612455747417094e-05;0.0001151484840218;7.759898988856434e-05;0.0005873418475788;0.005375334;0.0001077956795029;0.0025674071447177;0.0002481281253539;0.0015518412729033;0.01793223;0.0001814897767502;0.0082369486884012;0.0004094713161464
SpectralClustering-DP-R-DC3C;3.7617020246407655e-05;0.00014148474;2.829694817413941e-05;5.524783612641838e-05;5.093450671345095e-05;5.2977110113582814e-05;0.00028296947;2.829694817413941e-05;9.609345856176188e-05;6.749720455347303e-05;0.000479466874127;0.0046972935;9.451180690162564e-05;0.0021765695222937;0.0001947454732828;0.0007947775719119;0.008955984;9.069171889811683e-05;0.0040359019402259;0.0002481986276134
SpectralClustering-E-R-DC-2C;3.7608598584929165e-05;0.00014148474;2.829694817413941e-05;5.524783612641838e-05;4.9755467206195146e-05;5.912179763215482e-05;0.0003254149;3.2541490400260336e-05;0.0001120471987863;7.275796654537158e-05;0.0005800152573258;0.00537642;0.0001080943420252;0.0025867950797051;0.0002360051066144;0.0015527781425168;0.017855374;0.0001809589835736;0.008293311367233;0.0004004222541695
SpectralClustering-E-R-DC-4C;3.7608598584929165e-05;0.00014148474;2.829694817413941e-05;5.524783612641838e-05;4.9755467206195146e-05;5.865913821983512e-05;0.0003254149;3.2541490400260336e-05;0.0001085056708294;7.320712445289759e-05;0.0005727234231546;0.0053198263;0.0001066794946165;0.0025236310853743;0.0002387318230787;0.0015245658084293;0.017629;0.0001788367124605;0.008186564431216;0.0003912248088255
SpectralClustering-DP-R-DC2C;3.7608598584929165e-05;0.00014148474;2.829694817413941e-05;5.524783612641838e-05;4.9755467206195146e-05;5.899849372560341e-05;0.00033956338;3.395633780896731e-05;0.0001092139764208;7.417281395407854e-05;0.0005787095958626;0.00537642;0.0001078113725434;0.0025749899865157;0.0002366570466464;0.0015414446812873;0.017841225;0.0001809589835736;0.0082317782919304;0.0003979161627449
SpectralClustering-E-R-DC-5C;3.71175767696368e-05;0.00014148474;2.829694817413941e-05;5.524783612641838e-05;4.9048043501841664e-05;5.835052702193748e-05;0.0003254149;3.2541490400260336e-05;0.0001096861801484;7.244355601010335e-05;0.0005704581786458;0.005348123;0.0001072454335799;0.0025867579779837;0.000226176459997;0.0014405247655014;0.016893279;0.0001709135669718;0.007855700446858;0.000359334789201
ReviewsOnly-DP-DC-4C;3.558169220107249e-05;0.0001300484;2.600968138140308e-05;4.918696834673919e-05;5.707680080919009e-05;5.712932468496557e-05;0.00028899647;2.889964597933676e-05;0.0001099473410103;7.701985015762922e-05;0.0004413983012629;0.0043493966;8.756592731739038e-05;0.00198492192231;0.0001941561530159;0.0007552527323451;0.008409797;8.482046094935337e-05;0.0038032938203037;0.0002496622651454
ReviewsOnly-DP-DC-5C;3.558169220107249e-05;0.0001300484;2.600968138140308e-05;4.918696834673919e-05;4.98518893143559e-05;4.879217703835968e-05;0.00023119716;2.3119716783469405e-05;8.342495611750863e-05;6.329251831744425e-05;0.000340761133001;0.0033812586;6.791416805144137e-05;0.0014808238641786;0.0001596886846689;0.0007273671138258;0.0080919005;8.193049635141969e-05;0.0036909307879068;0.0002296896164047
ReviewsOnly-E-DC-2C;3.502675265111246e-05;0.00010114876;2.022975218553573e-05;4.629361726751924e-05;4.383112973532741e-05;6.180874579671785e-05;0.00033234592;3.323459287623727e-05;0.000114425146252;7.362528856640553e-05;0.0005907233013547;0.0055342824;0.0001115526334802;0.0026160819836607;0.0002427438909164;0.0015694136671146;0.018264577;0.0001852467307275;0.0084080002821711;0.0004032295630354
SpectralClustering-DP-R-DC4C;3.439088154843641e-05;0.000113187794;2.2637558539311536e-05;4.415104852837708e-05;4.503930917717192e-05;5.573277235002037e-05;0.00029711795;2.9711795582846392e-05;9.869057906343112e-05;6.817655588860615e-05;0.0005802071078444;0.0055320533;0.0001114899758061;0.0026129809738841;0.000232504695104;0.0015774081767658;0.01816664;0.0001843546173545;0.0084293807397532;0.0004034308527528
SpectralClustering-DP-R-DC5C;3.43224606455729e-05;0.00012733627;2.546725335672548e-05;4.745647462141066e-05;4.69257723887812e-05;4.934086351171962e-05;0.00025467254;2.546725335672548e-05;8.664938401023738e-05;6.35502294410881e-05;0.0005816303677311;0.0052349353;0.0001055476166895;0.0025179685756744;0.0002430459235044;0.0015574357057698;0.017784633;0.0001802515598692;0.0082750717720475;0.0004061498646751
SpectralClustering-E-R-DC-3C;3.3725309506979724e-05;0.000113187794;2.2637558539311536e-05;4.226223361807218e-05;4.503930917717192e-05;5.969175393778694e-05;0.0003254149;3.2541490400260336e-05;0.0001120471987863;7.150032440429872e-05;0.0005899195169717;0.0055037565;0.0001106410673608;0.0026131462451888;0.0002410860672569;0.0015847253645251;0.018336423;0.0001860524342449;0.0085091544646049;0.0004032440537942
AdaGCL-E-CC-R-5C;3.0841715345171985e-05;5.6593897e-05;1.1318779269655768e-05;3.116544602003088e-05;4.008734324669751e-05;3.2257915837272494e-05;8.4890846e-05;8.489084452241827e-06;3.352646465791201e-05;4.307424333174556e-05;4.733821345839302e-05;0.0003254149;7.074237043534855e-06;9.45991505922254e-05;5.267163780505163e-05;5.870292270047681e-05;0.0004951966;5.376420153086489e-06;0.000156039161376;5.5393462292099366e-05
AdaGCL-E-CC-R-4C;3.0841715345171985e-05;5.6593897e-05;1.1318779269655768e-05;3.116544602003088e-05;4.008734324669751e-05;3.2257915837272494e-05;8.4890846e-05;8.489084452241827e-06;3.352646465791201e-05;4.307424333174556e-05;4.733821345839302e-05;0.0003254149;7.074237043534855e-06;9.45991505922254e-05;5.267163780505163e-05;5.870292270047681e-05;0.0004951966;5.376420153086489e-06;0.000156039161376;5.5393462292099366e-05
AdaGCL-E-CC-R-3C;3.0841715345171985e-05;5.6593897e-05;1.1318779269655768e-05;3.116544602003088e-05;4.008734324669751e-05;3.2257915837272494e-05;8.4890846e-05;8.489084452241827e-06;3.352646465791201e-05;4.307424333174556e-05;4.733821345839302e-05;0.0003254149;7.074237043534855e-06;9.45991505922254e-05;5.267163780505163e-05;5.870292270047681e-05;0.0004951966;5.376420153086489e-06;0.000156039161376;5.5393462292099366e-05
AdaGCL-E-CC-R-2C;3.0841715345171985e-05;5.6593897e-05;1.1318779269655768e-05;3.116544602003088e-05;4.008734324669751e-05;3.2257915837272494e-05;8.4890846e-05;8.489084452241827e-06;3.352646465791201e-05;4.307424333174556e-05;4.733821345839302e-05;0.0003254149;7.074237043534855e-06;9.45991505922254e-05;5.267163780505163e-05;5.870292270047681e-05;0.0004951966;5.376420153086489e-06;0.000156039161376;5.5393462292099366e-05
CGCL-E-CC-R-5C;3.0841715345171985e-05;5.6593897e-05;1.1318779269655768e-05;3.116544602003088e-05;4.008734324669751e-05;3.2257915837272494e-05;8.4890846e-05;8.489084452241827e-06;3.352646465791201e-05;4.307424333174556e-05;4.733821345839302e-05;0.0003254149;7.074237043534855e-06;9.45991505922254e-05;5.267163780505163e-05;5.870292270047681e-05;0.0004951966;5.376420153086489e-06;0.000156039161376;5.5393462292099366e-05
CGCL-E-CC-R-4C;3.0841715345171985e-05;5.6593897e-05;1.1318779269655768e-05;3.116544602003088e-05;4.008734324669751e-05;3.2257915837272494e-05;8.4890846e-05;8.489084452241827e-06;3.352646465791201e-05;4.307424333174556e-05;4.733821345839302e-05;0.0003254149;7.074237043534855e-06;9.45991505922254e-05;5.267163780505163e-05;5.870292270047681e-05;0.0004951966;5.376420153086489e-06;0.000156039161376;5.5393462292099366e-05
CGCL-E-CC-R-3C;3.0841715345171985e-05;5.6593897e-05;1.1318779269655768e-05;3.116544602003088e-05;4.008734324669751e-05;3.2257915837272494e-05;8.4890846e-05;8.489084452241827e-06;3.352646465791201e-05;4.307424333174556e-05;4.733821345839302e-05;0.0003254149;7.074237043534855e-06;9.45991505922254e-05;5.267163780505163e-05;5.870292270047681e-05;0.0004951966;5.376420153086489e-06;0.000156039161376;5.5393462292099366e-05
CGCL-E-CC-R-2C;3.0841715345171985e-05;5.6593897e-05;1.1318779269655768e-05;3.116544602003088e-05;4.008734324669751e-05;3.2257915837272494e-05;8.4890846e-05;8.489084452241827e-06;3.352646465791201e-05;4.307424333174556e-05;4.733821345839302e-05;0.0003254149;7.074237043534855e-06;9.45991505922254e-05;5.267163780505163e-05;5.870292270047681e-05;0.0004951966;5.376420153086489e-06;0.000156039161376;5.5393462292099366e-05
KGCL-E-CC-R-2C;3.0841715345171985e-05;5.6593897e-05;1.1318779269655768e-05;3.116544602003088e-05;4.008734324669751e-05;3.2257915837272494e-05;8.4890846e-05;8.489084452241827e-06;3.352646465791201e-05;4.307424333174556e-05;4.733821345839302e-05;0.0003254149;7.074237043534855e-06;9.45991505922254e-05;5.267163780505163e-05;5.870292270047681e-05;0.0004951966;5.376420153086489e-06;0.000156039161376;5.5393462292099366e-05
LightGCN-E-CC-R-4C;3.0841715345171985e-05;5.6593897e-05;1.1318779269655768e-05;3.116544602003088e-05;4.008734324669751e-05;3.2257915837272494e-05;8.4890846e-05;8.489084452241827e-06;3.352646465791201e-05;4.307424333174556e-05;4.733821345839302e-05;0.0003254149;7.074237043534855e-06;9.45991505922254e-05;5.267163780505163e-05;5.870292270047681e-05;0.0004951966;5.376420153086489e-06;0.000156039161376;5.5393462292099366e-05
SpectralClustering-E-CC-R-4C;3.0841715345171985e-05;5.6593897e-05;1.1318779269655768e-05;3.116544602003088e-05;4.008734324669751e-05;3.2257915837272494e-05;8.4890846e-05;8.489084452241827e-06;3.352646465791201e-05;4.307424333174556e-05;4.733821345839302e-05;0.0003254149;7.074237043534855e-06;9.45991505922254e-05;5.267163780505163e-05;5.870292270047681e-05;0.0004951966;5.376420153086489e-06;0.000156039161376;5.5393462292099366e-05
LightGCN-E-CC-R-2C;3.0841715345171985e-05;5.6593897e-05;1.1318779269655768e-05;3.116544602003088e-05;4.008734324669751e-05;3.2257915837272494e-05;8.4890846e-05;8.489084452241827e-06;3.352646465791201e-05;4.307424333174556e-05;4.733821345839302e-05;0.0003254149;7.074237043534855e-06;9.45991505922254e-05;5.267163780505163e-05;5.870292270047681e-05;0.0004951966;5.376420153086489e-06;0.000156039161376;5.5393462292099366e-05
SpectralClustering-E-CC-R-5C;3.0841715345171985e-05;5.6593897e-05;1.1318779269655768e-05;3.116544602003088e-05;4.008734324669751e-05;3.2257915837272494e-05;8.4890846e-05;8.489084452241827e-06;3.352646465791201e-05;4.307424333174556e-05;4.733821345839302e-05;0.0003254149;7.074237043534855e-06;9.45991505922254e-05;5.267163780505163e-05;5.870292270047681e-05;0.0004951966;5.376420153086489e-06;0.000156039161376;5.5393462292099366e-05
BPRMF-E-CC-R-3C;3.0841715345171985e-05;5.6593897e-05;1.1318779269655768e-05;3.116544602003088e-05;4.008734324669751e-05;3.2257915837272494e-05;8.4890846e-05;8.489084452241827e-06;3.352646465791201e-05;4.307424333174556e-05;4.733821345839302e-05;0.0003254149;7.074237043534855e-06;9.45991505922254e-05;5.267163780505163e-05;5.870292270047681e-05;0.0004951966;5.376420153086489e-06;0.000156039161376;5.5393462292099366e-05
SpectralClustering-E-CC-R-3C;3.0841715345171985e-05;5.6593897e-05;1.1318779269655768e-05;3.116544602003088e-05;4.008734324669751e-05;3.2257915837272494e-05;8.4890846e-05;8.489084452241827e-06;3.352646465791201e-05;4.307424333174556e-05;4.733821345839302e-05;0.0003254149;7.074237043534855e-06;9.45991505922254e-05;5.267163780505163e-05;5.870292270047681e-05;0.0004951966;5.376420153086489e-06;0.000156039161376;5.5393462292099366e-05
SpectralClustering-E-CC-R-2C;3.0841715345171985e-05;5.6593897e-05;1.1318779269655768e-05;3.116544602003088e-05;4.008734324669751e-05;3.2257915837272494e-05;8.4890846e-05;8.489084452241827e-06;3.352646465791201e-05;4.307424333174556e-05;4.733821345839302e-05;0.0003254149;7.074237043534855e-06;9.45991505922254e-05;5.267163780505163e-05;5.870292270047681e-05;0.0004951966;5.376420153086489e-06;0.000156039161376;5.5393462292099366e-05
LightGCN-E-CC-R-5C;3.0841715345171985e-05;5.6593897e-05;1.1318779269655768e-05;3.116544602003088e-05;4.008734324669751e-05;3.2257915837272494e-05;8.4890846e-05;8.489084452241827e-06;3.352646465791201e-05;4.307424333174556e-05;4.733821345839302e-05;0.0003254149;7.074237043534855e-06;9.45991505922254e-05;5.267163780505163e-05;5.870292270047681e-05;0.0004951966;5.376420153086489e-06;0.000156039161376;5.5393462292099366e-05
KGCL-E-CC-R-3C;3.0841715345171985e-05;5.6593897e-05;1.1318779269655768e-05;3.116544602003088e-05;4.008734324669751e-05;3.2257915837272494e-05;8.4890846e-05;8.489084452241827e-06;3.352646465791201e-05;4.307424333174556e-05;4.733821345839302e-05;0.0003254149;7.074237043534855e-06;9.45991505922254e-05;5.267163780505163e-05;5.870292270047681e-05;0.0004951966;5.376420153086489e-06;0.000156039161376;5.5393462292099366e-05
KGCL-E-CC-R-4C;3.0841715345171985e-05;5.6593897e-05;1.1318779269655768e-05;3.116544602003088e-05;4.008734324669751e-05;3.2257915837272494e-05;8.4890846e-05;8.489084452241827e-06;3.352646465791201e-05;4.307424333174556e-05;4.733821345839302e-05;0.0003254149;7.074237043534855e-06;9.45991505922254e-05;5.267163780505163e-05;5.870292270047681e-05;0.0004951966;5.376420153086489e-06;0.000156039161376;5.5393462292099366e-05
KGCL-E-CC-R-5C;3.0841715345171985e-05;5.6593897e-05;1.1318779269655768e-05;3.116544602003088e-05;4.008734324669751e-05;3.2257915837272494e-05;8.4890846e-05;8.489084452241827e-06;3.352646465791201e-05;4.307424333174556e-05;4.733821345839302e-05;0.0003254149;7.074237043534855e-06;9.45991505922254e-05;5.267163780505163e-05;5.870292270047681e-05;0.0004951966;5.376420153086489e-06;0.000156039161376;5.5393462292099366e-05
BPRMF-E-CC-R-5C;3.0841715345171985e-05;5.6593897e-05;1.1318779269655768e-05;3.116544602003088e-05;4.008734324669751e-05;3.2257915837272494e-05;8.4890846e-05;8.489084452241827e-06;3.352646465791201e-05;4.307424333174556e-05;4.733821345839302e-05;0.0003254149;7.074237043534855e-06;9.45991505922254e-05;5.267163780505163e-05;5.870292270047681e-05;0.0004951966;5.376420153086489e-06;0.000156039161376;5.5393462292099366e-05
BPRMF-E-CC-R-2C;3.0841715345171985e-05;5.6593897e-05;1.1318779269655768e-05;3.116544602003088e-05;4.008734324669751e-05;3.2257915837272494e-05;8.4890846e-05;8.489084452241827e-06;3.352646465791201e-05;4.307424333174556e-05;4.733821345839302e-05;0.0003254149;7.074237043534855e-06;9.45991505922254e-05;5.267163780505163e-05;5.870292270047681e-05;0.0004951966;5.376420153086489e-06;0.000156039161376;5.5393462292099366e-05
BPRMF-E-CC-R-4C;3.0841715345171985e-05;5.6593897e-05;1.1318779269655768e-05;3.116544602003088e-05;4.008734324669751e-05;3.2257915837272494e-05;8.4890846e-05;8.489084452241827e-06;3.352646465791201e-05;4.307424333174556e-05;4.733821345839302e-05;0.0003254149;7.074237043534855e-06;9.45991505922254e-05;5.267163780505163e-05;5.870292270047681e-05;0.0004951966;5.376420153086489e-06;0.000156039161376;5.5393462292099366e-05
LightGCN-E-CC-R-3C;3.0841715345171985e-05;5.6593897e-05;1.1318779269655768e-05;3.116544602003088e-05;4.008734324669751e-05;3.2257915837272494e-05;8.4890846e-05;8.489084452241827e-06;3.352646465791201e-05;4.307424333174556e-05;4.733821345839302e-05;0.0003254149;7.074237043534855e-06;9.45991505922254e-05;5.267163780505163e-05;5.870292270047681e-05;0.0004951966;5.376420153086489e-06;0.000156039161376;5.5393462292099366e-05
